latitude,longitude,elevation_m,slope_angle,aspect,rainfall_mm,soil_moisture,ndvi,landslide_probability,risk_level,state,district
27.33634823432434,88.57655293171318,1666.6159172033858,36.66331260751416,216,45.7,0.374,0.533,0.556,high,Sikkim,Gangtok
27.309486276565043,88.5945872775603,1634.2985791942172,33.02710999518453,229,63.0,0.413,0.572,0.659,high,Sikkim,Gangtok
27.333060959012997,88.58921932670435,1720.2448351984226,48.40349766671669,172,3.7,0.255,0.821,0.356,moderate,Sikkim,Gangtok
27.338356853355663,88.61243659297904,1625.0147123868185,38.65114598629694,193,73.5,0.488,0.463,0.642,high,Sikkim,Gangtok
27.3304654711494,88.61648494283428,1716.6561365245484,41.11387312755635,148,72.0,0.459,0.334,0.424,moderate,Sikkim,Gangtok
27.302602997785307,88.61743956015546,1674.438705944022,41.99671534458315,343,108.7,0.373,0.648,0.527,high,Sikkim,Gangtok
27.354269470309394,88.63493699962686,1675.284634541963,42.17908672983837,327,42.5,0.75,0.427,0.455,moderate,Sikkim,Gangtok
27.373776022336127,88.61928881240084,1667.1655060119192,33.236398930805166,33,42.0,0.302,0.435,0.626,high,Sikkim,Gangtok
27.32766404815332,88.58986837797515,1697.613677990791,35.165835825931495,135,67.4,0.748,0.643,0.532,high,Sikkim,Gangtok
27.315059635700507,88.618006316859,1538.640702544659,51.122343830382555,70,81.7,0.591,0.309,0.583,high,Sikkim,Gangtok
27.314223455866216,88.58105305057894,1634.0081599564533,38.85110377527697,195,36.9,0.396,0.619,0.478,moderate,Sikkim,Gangtok
27.36714911842629,88.59581152142397,1728.1649050734384,44.85213397206343,136,22.2,0.304,0.548,0.55,high,Sikkim,Gangtok
27.37089916305623,88.60715258290053,1624.696325985917,24.878439344291273,91,53.2,0.264,0.526,0.536,high,Sikkim,Gangtok
27.325595275391006,88.60585891787944,1629.1556767920765,40.113078533270865,271,35.8,0.397,0.347,0.353,moderate,Sikkim,Gangtok
27.30102548207501,88.65057506604552,1662.9187545094528,34.533462697921415,123,85.4,0.301,0.477,0.559,high,Sikkim,Gangtok
27.36957092391476,88.62074771036157,1652.6035592551975,35.391751747909204,243,102.4,0.148,0.699,0.596,high,Sikkim,Gangtok
27.38374195740891,88.59628799510968,1652.530657991495,30.353186175152423,159,67.0,0.37,0.348,0.522,high,Sikkim,Gangtok
27.324499110735115,88.61103091025223,1659.4868024634634,38.403655036371724,283,13.9,0.533,0.325,0.628,high,Sikkim,Gangtok
27.344630320559634,88.64955590470201,1662.1851520486075,36.52017883613959,121,52.6,0.505,0.741,0.566,high,Sikkim,Gangtok
27.358270690905254,88.5888479963842,1652.4891699057907,43.65360149256039,208,43.8,0.57,0.317,0.503,high,Sikkim,Gangtok
27.307268952757735,88.61314905692747,1583.3237005788064,25.23990563082688,50,55.0,0.463,0.407,0.578,high,Sikkim,Gangtok
27.34779685358684,88.62964379849085,1670.2652965562877,40.45537435770239,236,95.0,0.49,0.573,0.557,high,Sikkim,Gangtok
27.332775099604376,88.6044960490234,1745.0794488191634,37.95713424369603,47,50.1,0.74,0.271,0.663,high,Sikkim,Gangtok
27.343472733799857,88.62622660298142,1695.5298911107511,39.75765062515984,199,102.2,0.27,0.637,0.667,high,Sikkim,Gangtok
27.402198842029538,88.58910541633787,1575.2350113445868,35.267452323316796,79,45.0,0.661,0.399,0.584,high,Sikkim,Gangtok
27.354993407443104,88.61298410574626,1704.1097084867504,39.7634826502408,271,57.8,0.498,0.778,0.568,high,Sikkim,Gangtok
27.314095886640285,88.58963514252065,1652.3457928753082,40.515988704067645,291,91.9,0.719,0.634,0.668,high,Sikkim,Gangtok
27.317857730145505,88.59429141390554,1680.994856116022,36.65193560146789,160,51.0,0.601,0.436,0.48,moderate,Sikkim,Gangtok
27.32541213923125,88.63704671563804,1699.7110571948872,40.43698963231308,288,52.1,0.55,0.49,0.463,moderate,Sikkim,Gangtok
27.376580713684632,88.58970248091062,1684.857798158006,34.69642716203219,80,61.7,0.399,0.577,0.594,high,Sikkim,Gangtok
27.34751658170527,88.58352236871222,1618.6189480264995,32.469025564318656,339,15.2,0.471,0.41,0.728,high,Sikkim,Gangtok
27.33834627094417,88.5948874001854,1643.1837977871455,41.37066432769092,175,99.0,0.586,0.521,0.845,critical,Sikkim,Gangtok
27.370948490495653,88.58481877886119,1693.9028593842083,40.875927424205976,141,62.2,0.604,0.535,0.68,high,Sikkim,Gangtok
27.350291050854565,88.62485007420072,1632.3612286817759,31.83226749707706,57,76.0,0.437,0.835,0.733,high,Sikkim,Gangtok
27.352298430864725,88.583712350509,1665.5980348345436,40.09368630209429,157,105.3,0.542,0.705,0.55,high,Sikkim,Gangtok
27.31992329967198,88.63009270540974,1626.7103328172138,33.95045243414323,286,4.0,0.662,0.592,0.449,moderate,Sikkim,Gangtok
27.375076395502212,88.58944363462997,1740.218287753956,36.641079974589594,211,72.9,0.298,0.487,0.489,moderate,Sikkim,Gangtok
27.351779417405815,88.56867702222097,1664.673405873031,34.3443004616731,359,98.4,0.438,0.379,0.82,critical,Sikkim,Gangtok
27.34792445733411,88.5862032651861,1619.7306213825768,46.37611194710241,116,97.3,0.591,0.617,0.569,high,Sikkim,Gangtok
27.370132278867136,88.6210581915132,1614.5792348490677,42.80214324543677,347,57.5,0.617,0.453,0.614,high,Sikkim,Gangtok
27.351228189396345,88.60418041739747,1688.1926936238535,37.08394545089236,55,86.9,0.378,0.619,0.542,high,Sikkim,Gangtok
27.34876694780174,88.60551947926086,1676.2066601394079,36.08348648081384,22,27.3,0.321,0.586,0.328,moderate,Sikkim,Gangtok
27.332615764287375,88.57418606872672,1627.239630854174,33.82089649788911,35,49.6,0.392,0.717,0.422,moderate,Sikkim,Gangtok
27.369322999603238,88.6367800914477,1575.936138929214,37.668327867297016,167,114.1,0.293,0.392,0.517,high,Sikkim,Gangtok
27.36689389342393,88.59549036040727,1706.6366431090999,34.035732000943156,154,29.5,0.472,0.659,0.535,high,Sikkim,Gangtok
27.344987074544285,88.57986514616924,1626.3235210302616,42.85230757712887,345,2.8,0.558,0.516,0.503,high,Sikkim,Gangtok
27.34297037321373,88.61387009410602,1579.543813510173,37.31379868032667,171,57.7,0.565,0.768,0.42,moderate,Sikkim,Gangtok
27.3428294721546,88.59591284401003,1787.705092240233,42.11483576761306,312,111.6,0.605,0.562,0.746,high,Sikkim,Gangtok
27.34946293091703,88.63551619089793,1612.6272583274097,38.13209020042843,335,56.8,0.353,0.368,0.592,high,Sikkim,Gangtok
27.341396736017863,88.59266715137284,1675.7273778824654,30.72656265595972,237,25.8,0.107,0.75,0.21,low,Sikkim,Gangtok
27.34832344951413,88.5783525670442,1717.0730344908382,37.48876225850941,226,71.6,0.435,0.646,0.448,moderate,Sikkim,Gangtok
27.298153467355924,88.59386041610966,1647.7389744748664,32.33116131397455,132,13.7,0.245,0.267,0.416,moderate,Sikkim,Gangtok
27.32417880811293,88.60792917878973,1576.5129407961194,40.916365627985805,120,50.6,0.113,0.506,0.617,high,Sikkim,Gangtok
27.342515208086663,88.63706362565529,1645.0733409838203,36.24600545592632,208,46.4,0.53,0.471,0.511,high,Sikkim,Gangtok
27.312559761263813,88.62843678548454,1659.3661916194674,37.66983965458509,294,33.7,0.547,0.812,0.54,high,Sikkim,Gangtok
27.368875566046487,88.56706764992809,1577.5504851300748,42.04116101246503,279,47.6,0.411,0.4,0.644,high,Sikkim,Gangtok
27.319132797546914,88.60828813225052,1606.35439156538,30.192296819411528,84,69.7,0.095,0.431,0.494,moderate,Sikkim,Gangtok
27.36122708603161,88.59171888039577,1639.1159383777128,36.21129934372889,219,86.3,0.116,0.734,0.48,moderate,Sikkim,Gangtok
27.343145145599646,88.6237801454404,1653.4416162801392,33.130408031175236,215,72.0,0.526,0.689,0.583,high,Sikkim,Gangtok
27.35746279642363,88.60648924971616,1598.8261826976595,30.94310141140353,333,49.8,0.462,0.735,0.506,high,Sikkim,Gangtok
27.3282216341017,88.59630236289532,1625.6939940434702,38.40752885334661,111,57.3,0.409,0.555,0.705,high,Sikkim,Gangtok
27.36991556898974,88.59930784430384,1655.1953381851827,35.05510385602249,159,27.5,0.425,0.411,0.572,high,Sikkim,Gangtok
27.358314708381087,88.60127685504604,1645.6652004974083,36.05988018225647,353,55.3,0.421,0.464,0.66,high,Sikkim,Gangtok
27.32437131783179,88.57335047642829,1668.499776514589,31.81086836317878,21,60.9,0.302,0.509,0.424,moderate,Sikkim,Gangtok
27.31778737905163,88.63920616299029,1660.3666366747173,35.878203580073894,185,31.8,0.53,0.428,0.586,high,Sikkim,Gangtok
27.33362558346179,88.55487628069183,1638.564897239901,47.01428235789409,275,12.9,0.188,0.507,0.282,moderate,Sikkim,Gangtok
27.332312267882067,88.61998913132655,1687.0722161361634,36.38527418556369,230,55.2,0.234,0.642,0.346,moderate,Sikkim,Gangtok
27.377290236244722,88.61349883931237,1664.3383522378515,41.14079309927548,132,51.3,0.568,0.437,0.482,moderate,Sikkim,Gangtok
27.387444411423036,88.6096004326625,1718.5201502295592,42.08797120458933,250,16.8,0.661,0.514,0.41,moderate,Sikkim,Gangtok
27.335365755411896,88.60769333137867,1636.0339317448809,42.89478120399417,124,29.1,0.362,0.316,0.495,moderate,Sikkim,Gangtok
27.309353206671485,88.6214372182979,1612.1347487231312,44.80727331026104,138,36.3,0.586,0.368,0.546,high,Sikkim,Gangtok
27.33670453574434,88.5574497053954,1638.028231295069,34.96717433837931,247,42.4,0.502,0.527,0.419,moderate,Sikkim,Gangtok
27.376432573551277,88.60188082492164,1636.4452656890658,42.53276161521774,154,43.4,0.597,0.563,0.388,moderate,Sikkim,Gangtok
27.309697331370536,88.59632528079406,1720.637103257155,45.178207721048786,251,86.9,0.416,0.488,0.848,critical,Sikkim,Gangtok
27.31089768156214,88.65019499142993,1648.451238114431,47.94488906622623,58,53.8,0.414,0.513,0.623,high,Sikkim,Gangtok
27.349630375307065,88.61025756982619,1610.7200277930467,36.36314219166305,127,63.3,0.264,0.739,0.541,high,Sikkim,Gangtok
27.342600782004816,88.63053702647704,1598.5236764306155,39.65419007923163,301,87.5,0.573,0.342,0.518,high,Sikkim,Gangtok
27.335877538930635,88.5580253253766,1659.023839153718,41.32216011990038,338,75.6,0.392,0.401,0.467,moderate,Sikkim,Gangtok
27.313231601015957,88.62312703964207,1637.3484136099862,38.24206303471871,147,69.4,0.454,0.467,0.537,high,Sikkim,Gangtok
27.370169073227263,88.59029717401258,1598.002251512201,32.79643344768826,101,37.5,0.175,0.331,0.493,moderate,Sikkim,Gangtok
27.342465262679397,88.59967657422128,1671.609500676014,41.70279902453919,291,16.5,0.485,0.353,0.292,moderate,Sikkim,Gangtok
27.325854344271004,88.61566759722618,1598.026749041349,36.666195484865995,306,78.4,0.323,0.425,0.568,high,Sikkim,Gangtok
27.38184048985615,88.6342557251621,1683.6435710338992,32.38859760071468,10,80.9,0.44,0.5,0.64,high,Sikkim,Gangtok
27.339788111361973,88.58396402446797,1585.4329568194346,28.933510145297817,92,94.8,0.399,0.545,0.616,high,Sikkim,Gangtok
27.31877197999088,88.6103382627148,1639.851434240059,40.119975552666624,82,82.1,0.397,0.705,0.303,moderate,Sikkim,Gangtok
27.348729684687697,88.58321147871511,1608.285690160842,39.21686235696907,165,27.8,0.602,0.464,0.736,high,Sikkim,Gangtok
27.379251065999945,88.60679183893077,1633.7815431737674,38.39501898119458,265,88.5,0.572,0.735,0.45,moderate,Sikkim,Gangtok
27.34616307568878,88.63067990450192,1698.238067742232,35.643330852781595,357,17.4,0.592,0.371,0.369,moderate,Sikkim,Gangtok
27.33458615497005,88.58979335805881,1701.0084543363585,38.439342152300874,115,42.8,0.403,0.366,0.371,moderate,Sikkim,Gangtok
27.350494047242595,88.58606716285563,1637.579859716489,32.168196906407566,139,116.2,0.384,0.477,0.646,high,Sikkim,Gangtok
27.346895130934183,88.61675952090245,1582.813648318374,33.15865587263464,69,20.3,0.487,0.387,0.491,moderate,Sikkim,Gangtok
27.360708351881794,88.59694015646235,1667.4867069370475,34.31694481675704,152,65.8,0.309,0.589,0.407,moderate,Sikkim,Gangtok
27.317167614824864,88.61408628370734,1607.9990318422565,45.37001286169538,193,70.6,0.232,0.389,0.352,moderate,Sikkim,Gangtok
27.325771629095673,88.60014016353495,1652.3872713721187,36.52540366454606,242,24.6,0.437,0.637,0.589,high,Sikkim,Gangtok
27.363084942513005,88.55572480240987,1636.2723372962887,38.040303582247205,257,34.8,0.137,0.383,0.528,high,Sikkim,Gangtok
27.374490956284866,88.63225996907593,1677.7689939036181,38.26861455189086,335,76.3,0.371,0.784,0.635,high,Sikkim,Gangtok
27.324509436471242,88.59242080861814,1689.06549851002,40.15773386161459,345,61.6,0.389,0.573,0.439,moderate,Sikkim,Gangtok
27.34129597629282,88.5659878196445,1668.3478677247856,38.42102029008433,323,68.6,0.287,0.453,0.667,high,Sikkim,Gangtok
27.372394530816123,88.60191276226975,1643.4255784539207,35.7945559271908,85,40.1,0.287,0.559,0.497,moderate,Sikkim,Gangtok
27.333682800989607,88.62517030687077,1687.545776831718,42.87632097368736,289,27.6,0.096,0.806,0.417,moderate,Sikkim,Gangtok
27.48996724109172,88.54850082934433,883.861585764688,42.09694658265006,118,42.1,0.314,0.643,0.562,high,Sikkim,Mangan
27.526883381978003,88.48757798013492,937.1188131590059,39.365979139570086,226,27.7,0.428,0.549,0.457,moderate,Sikkim,Mangan
27.504306059494667,88.5075387978397,888.228663334013,60.182858317329405,247,133.7,0.25,0.433,0.875,critical,Sikkim,Mangan
27.51108006042713,88.52409939510777,974.1908515229475,37.60215932378432,4,73.0,0.491,0.471,0.62,high,Sikkim,Mangan
27.49400871100037,88.51357213179955,983.8349294790836,39.67423363318664,117,8.2,0.308,0.548,0.349,moderate,Sikkim,Mangan
27.49839008158624,88.49938151051028,898.4401309363946,33.967073816761214,321,28.1,0.313,0.413,0.33,moderate,Sikkim,Mangan
27.531038759613693,88.53206560949955,1024.3361453735142,50.0580587473713,167,84.5,0.521,0.806,0.593,high,Sikkim,Mangan
27.53661255376493,88.52371565584689,1030.6226747185956,37.12794862005942,131,49.7,0.307,0.676,0.543,high,Sikkim,Mangan
27.537191510899735,88.501831326951,930.6058802540148,42.39107870810713,115,111.8,0.215,0.673,0.54,high,Sikkim,Mangan
27.518818655327642,88.5101255146267,952.1166344615664,41.190049396691784,274,80.7,0.215,0.939,0.435,moderate,Sikkim,Mangan
27.491475282866162,88.54749741838279,898.1912031254463,47.41570415464271,241,70.5,0.501,0.549,0.466,moderate,Sikkim,Mangan
27.513693338426112,88.53521127287219,999.0408038171859,32.20162118960471,154,111.5,0.449,0.241,0.563,high,Sikkim,Mangan
27.522333930089196,88.52784574457793,955.9215215132457,48.181410086608906,198,41.2,0.34,0.59,0.457,moderate,Sikkim,Mangan
27.48362690102438,88.54412435396777,979.2250853888626,46.27273296049936,50,7.2,0.464,0.534,0.17,low,Sikkim,Mangan
27.507269563875568,88.51507493650881,915.4962538678817,43.24966462489754,185,70.8,0.221,0.663,0.447,moderate,Sikkim,Mangan
27.499683193908293,88.54373543101562,959.4243940518744,44.371990447347535,232,87.0,0.533,0.152,0.547,high,Sikkim,Mangan
27.52951406519353,88.53372955367541,1037.7138402925805,41.38287984269848,105,67.4,0.456,0.294,0.349,moderate,Sikkim,Mangan
27.52459503578506,88.51506370200188,1014.4692670855843,50.592590760824294,1,96.4,0.507,0.578,0.661,high,Sikkim,Mangan
27.51529678094901,88.51889296400935,967.7606856758068,40.02201485312799,183,35.3,0.825,0.736,0.51,high,Sikkim,Mangan
27.543540912562094,88.5387398475264,868.3711570544128,40.64999139696067,243,55.5,0.293,0.509,0.532,high,Sikkim,Mangan
27.517314159549084,88.55529710683075,934.4089049234273,31.170516320804595,337,23.0,0.445,0.413,0.39,moderate,Sikkim,Mangan
27.492307797232314,88.53076892069242,927.3149788765561,36.657014783014375,227,17.1,0.378,0.602,0.399,moderate,Sikkim,Mangan
27.5079667993299,88.55607192772187,907.6849785196745,40.67325307384139,305,61.0,0.427,0.507,0.491,moderate,Sikkim,Mangan
27.50071898987307,88.49073310301458,900.0903131253403,35.046652348863724,110,17.6,0.369,0.496,0.389,moderate,Sikkim,Mangan
27.48638336686916,88.54732119023572,933.423189801885,45.998559791084546,130,-6.8,0.534,0.309,0.516,high,Sikkim,Mangan
27.516748782325898,88.52039407128093,1017.3054875170627,46.67144427342177,66,37.8,0.461,0.6,0.448,moderate,Sikkim,Mangan
27.525838928034375,88.54107930098347,907.7556193751701,34.82185793492938,26,12.6,0.331,0.426,0.373,moderate,Sikkim,Mangan
27.519184969051576,88.55654941581048,953.8556597546619,44.36178721242823,284,89.8,0.36,0.433,0.671,high,Sikkim,Mangan
27.542903854918038,88.48330893323832,978.7392831466476,35.732529417201334,329,15.7,0.588,0.307,0.394,moderate,Sikkim,Mangan
27.52811631277256,88.53099104626385,958.7868868330337,30.75346082707712,179,11.5,0.328,0.424,0.275,moderate,Sikkim,Mangan
27.530196542590847,88.55013571791253,1031.2595393588888,43.58490645352025,110,110.5,0.412,0.411,0.579,high,Sikkim,Mangan
27.490935940175497,88.5706324812269,864.7266602498258,36.10847308028209,79,26.5,0.516,0.621,0.524,high,Sikkim,Mangan
27.500280369122247,88.50847823142398,912.6779216584434,43.42251218805671,262,72.9,0.574,0.495,0.498,moderate,Sikkim,Mangan
27.482839627236093,88.53058859721307,998.1198526439207,43.41170530724211,306,74.0,0.504,0.503,0.703,high,Sikkim,Mangan
27.513869171439673,88.51163151269503,992.7569326236,46.01435178978269,220,69.1,0.434,0.791,0.446,moderate,Sikkim,Mangan
27.530520016306923,88.49672471286507,1039.4418345011036,46.352167141910556,21,63.2,0.531,0.499,0.427,moderate,Sikkim,Mangan
27.494015784022192,88.53685214968426,923.6769244692055,38.812313755710285,207,19.3,0.465,0.665,0.463,moderate,Sikkim,Mangan
27.534542294739843,88.48901032714946,1032.0478226098962,47.0726715517855,124,76.4,0.417,0.616,0.4,moderate,Sikkim,Mangan
27.51202691307191,88.5139492442358,953.6262397283484,40.04010267591057,324,22.1,0.46,0.817,0.508,high,Sikkim,Mangan
27.507162317165193,88.4914974572828,964.5875280946299,38.63117043254982,74,77.0,0.518,0.665,0.497,moderate,Sikkim,Mangan
27.556159712666776,88.55051917592888,911.2561750864887,37.979323631438064,288,49.3,0.493,0.695,0.623,high,Sikkim,Mangan
27.493926865748122,88.50706699832593,996.2013704514795,36.7092223479456,77,52.0,0.237,0.722,0.378,moderate,Sikkim,Mangan
27.496761119291765,88.51797845123616,999.7136999588524,44.50127758244713,19,18.6,0.462,0.369,0.319,moderate,Sikkim,Mangan
27.52937717166257,88.50629627030165,894.3225327014122,41.75258257667496,283,103.1,0.499,0.816,0.675,high,Sikkim,Mangan
27.500770542780973,88.52247900037192,903.3927095571622,38.384494325268356,31,97.1,0.33,0.868,0.587,high,Sikkim,Mangan
27.53727511248516,88.54266992569379,1026.0531190108209,43.90907568994182,224,-2.1,0.484,0.772,0.13,low,Sikkim,Mangan
27.486164824616857,88.55053075477583,942.9149820743274,40.52103207781787,323,9.3,0.369,0.33,0.586,high,Sikkim,Mangan
27.505569911670477,88.55944424639071,889.724650453595,32.94050409668253,76,43.3,0.356,0.737,0.526,high,Sikkim,Mangan
27.542734169024,88.52185714528652,897.6752537980597,46.22133984620395,43,30.2,0.572,0.638,0.54,high,Sikkim,Mangan
27.49431706602666,88.49515020545972,944.6410903036142,34.41463380178017,269,39.3,0.536,0.621,0.304,moderate,Sikkim,Mangan
27.494633477984337,88.5739243141865,903.5465837017279,49.146740388169185,98,87.2,0.524,0.521,0.584,high,Sikkim,Mangan
27.54003102310841,88.54847929448917,1002.8632708736696,33.07664917040526,19,52.4,0.481,0.806,0.568,high,Sikkim,Mangan
27.519549638634324,88.53851485373055,925.3973011078073,35.44607415224249,84,17.8,0.139,0.401,0.29,moderate,Sikkim,Mangan
27.539368395553065,88.52288322080172,951.3146922950393,33.250121849068066,119,48.4,0.356,0.393,0.606,high,Sikkim,Mangan
27.52216213185859,88.51161994550773,1086.3872299349619,37.29498568931687,236,24.8,0.373,0.611,0.316,moderate,Sikkim,Mangan
27.519406734293646,88.53946302354673,869.6068379104006,35.791251297312606,26,56.3,0.142,0.394,0.457,moderate,Sikkim,Mangan
27.534523089795826,88.49593622990389,931.4559352468153,50.280735917454365,139,11.4,0.163,0.484,0.349,moderate,Sikkim,Mangan
27.54356904609131,88.50845796153281,1036.4270934609804,34.34462220101328,212,15.8,0.456,0.582,0.384,moderate,Sikkim,Mangan
27.509019996183582,88.53148371499556,1036.7014350586865,37.974961492357515,332,83.5,0.458,0.593,0.878,critical,Sikkim,Mangan
27.475243383071653,88.53459571020399,953.1240729203599,36.38195448264973,315,41.4,0.472,0.875,0.5,high,Sikkim,Mangan
27.481665468260566,88.51836841958247,926.0922938380824,41.578539778420215,147,62.2,0.402,0.539,0.698,high,Sikkim,Mangan
27.507236642377514,88.5230767838874,980.4956556977742,36.96607171254627,274,51.2,0.476,0.566,0.641,high,Sikkim,Mangan
27.487459488350662,88.53998212355121,953.0754729352625,47.18138481302467,340,85.9,0.419,0.554,0.613,high,Sikkim,Mangan
27.478597283143934,88.51849049045644,939.8765604112947,41.95147755187094,240,32.0,0.241,0.312,0.629,high,Sikkim,Mangan
27.50773769640568,88.5339500362316,954.0768209692368,49.30412608569124,53,78.6,0.44,0.376,0.684,high,Sikkim,Mangan
27.477267486011524,88.51764994148978,989.4073123207537,49.74483941795319,237,56.6,0.158,0.528,0.476,moderate,Sikkim,Mangan
27.502245098675065,88.48122591399775,982.64924079373,42.7726476444657,102,84.0,0.379,0.583,0.592,high,Sikkim,Mangan
27.52144865856974,88.5073353027789,1020.2444473741306,43.645431726060096,146,69.7,0.314,0.494,0.604,high,Sikkim,Mangan
27.52599299306868,88.54160361133015,1013.3653730573176,36.72343336712403,197,17.5,0.605,0.64,0.382,moderate,Sikkim,Mangan
27.517012470276903,88.51303653414269,995.637212072164,44.607339996785264,220,39.8,0.482,0.499,0.394,moderate,Sikkim,Mangan
27.538169995598263,88.54228170860748,926.3902383255202,48.36938852699676,218,5.4,0.233,0.423,0.348,moderate,Sikkim,Mangan
27.535875314092394,88.51353254877785,884.4640933801097,44.83890105663253,29,66.3,0.541,0.322,0.619,high,Sikkim,Mangan
27.49119178392746,88.48346009659235,992.6657843005977,47.344766926440705,224,88.1,0.497,0.374,0.732,high,Sikkim,Mangan
27.49321543265731,88.54547868056959,890.4635942537977,37.37619866114461,189,60.9,0.412,0.576,0.41,moderate,Sikkim,Mangan
27.48918052633358,88.54541214433247,950.059872408363,44.45372646784083,95,14.7,0.583,0.385,0.41,moderate,Sikkim,Mangan
27.510995077167653,88.54980007255777,990.9941769717024,41.90635845415789,251,20.3,0.401,0.442,0.405,moderate,Sikkim,Mangan
27.49672624904259,88.4612055037359,998.5899166469475,29.84227578283808,163,55.0,0.477,0.633,0.527,high,Sikkim,Mangan
27.50878462479961,88.53923729500812,930.4928853243028,34.48801484240849,89,26.7,0.195,0.432,0.381,moderate,Sikkim,Mangan
27.53512747915231,88.55518140206621,1012.6761845851494,43.044594918889395,188,59.7,0.228,0.623,0.506,high,Sikkim,Mangan
27.53085921683111,88.53619124268612,938.2284317093972,36.415876539467796,210,-33.9,0.487,0.764,0.462,moderate,Sikkim,Mangan
27.498709561929342,88.51104701170819,930.4616278125312,37.84049325501847,282,56.7,0.123,0.91,0.524,high,Sikkim,Mangan
27.51811806178061,88.52450700268693,970.4831331663949,44.02683369237798,84,37.9,0.327,0.706,0.406,moderate,Sikkim,Mangan
27.496165378282864,88.52616321733564,979.0799787044924,43.571664241870494,282,86.8,0.698,0.606,0.85,critical,Sikkim,Mangan
27.49546230768288,88.50736525733562,923.2090577185827,40.51295189101933,319,43.6,0.608,0.5,0.487,moderate,Sikkim,Mangan
27.514584886058238,88.52382761084978,1018.7116929477264,44.01789770352171,295,42.5,0.199,0.656,0.309,moderate,Sikkim,Mangan
27.55357819038827,88.53603184863418,881.2606166198577,39.97586077332576,154,48.1,0.503,0.363,0.457,moderate,Sikkim,Mangan
27.518704259085844,88.53121169234548,896.5547417961881,44.131386794213064,104,-3.9,0.429,0.5,0.308,moderate,Sikkim,Mangan
27.530758458183897,88.52671588689626,881.9970019158363,47.024984892534434,263,41.0,0.47,0.635,0.403,moderate,Sikkim,Mangan
27.51251801426769,88.53712471089568,937.6930714164987,46.766862086359154,315,25.6,0.35,0.434,0.452,moderate,Sikkim,Mangan
27.541633280775955,88.5151764388703,960.8732613201976,44.73793067912671,263,-17.0,0.589,0.775,0.258,moderate,Sikkim,Mangan
27.495080325331273,88.54184356260677,953.8520273728316,48.60502453999195,24,-10.3,0.464,0.485,0.382,moderate,Sikkim,Mangan
27.48801342162306,88.53265886069894,980.4385819413496,37.65002036992033,135,83.3,0.455,0.712,0.446,moderate,Sikkim,Mangan
27.500502330663696,88.52247564387645,931.5408392914679,41.35861947694714,258,42.8,0.148,0.449,0.503,high,Sikkim,Mangan
27.50435615060196,88.5213562608401,989.6821853647943,44.758531739916414,173,13.9,0.458,0.646,0.288,moderate,Sikkim,Mangan
27.507732517760584,88.53142936257647,1026.715948697596,43.91402740119057,242,23.2,0.349,0.676,0.513,high,Sikkim,Mangan
27.528312300545814,88.52077871813758,895.8513900259361,46.312786436070894,153,33.1,0.39,0.614,0.406,moderate,Sikkim,Mangan
27.49145051597,88.51935694037644,994.606562873124,42.46799196674297,56,20.3,0.301,0.376,0.414,moderate,Sikkim,Mangan
27.510635843763477,88.52379945889123,821.0208677574063,44.07688484242715,296,89.4,0.375,0.62,0.395,moderate,Sikkim,Mangan
27.49323751537707,88.50794285738506,965.32566219004,39.62375980468527,348,7.6,0.288,0.471,0.353,moderate,Sikkim,Mangan
27.492978381906706,88.53564333547547,921.1594075552574,43.75590533451085,256,51.9,0.595,0.52,0.466,moderate,Sikkim,Mangan
27.17847883175502,88.55515857111334,1326.7413015939437,39.275186209472494,339,60.5,0.067,0.721,0.286,moderate,Sikkim,Namchi
27.14379894887403,88.54580420008287,1269.8377618158293,26.015532651876413,348,21.1,0.42,0.71,0.366,moderate,Sikkim,Namchi
27.168958975875107,88.57655387862752,1336.1238090236282,48.26531328030437,152,21.3,0.219,0.475,0.338,moderate,Sikkim,Namchi
27.142961102672803,88.55424560683153,1388.2865367098598,31.80043495433569,147,56.2,0.168,0.486,0.33,moderate,Sikkim,Namchi
27.189117855542907,88.50578140648796,1328.9365123990708,31.09946942898223,147,82.5,0.556,0.244,0.785,critical,Sikkim,Namchi
27.168167917241643,88.53712298663059,1333.7072664932277,31.490931320331377,287,61.7,0.383,0.745,0.399,moderate,Sikkim,Namchi
27.169810417814926,88.58074119051214,1245.078682973367,33.61869895029704,26,44.6,0.323,0.401,0.366,moderate,Sikkim,Namchi
27.201972737273536,88.59029214187572,1344.0357614471664,34.594401807332815,334,71.7,0.479,0.327,0.573,high,Sikkim,Namchi
27.185553550112754,88.54704264592783,1248.5534865458658,26.333242026512647,45,106.5,0.278,0.451,0.574,high,Sikkim,Namchi
27.212282489576324,88.56147643742425,1232.075673213295,39.70337199441058,18,37.4,0.311,0.529,0.23,low,Sikkim,Namchi
27.212758125887678,88.54024183575329,1319.8770652148128,34.522861507994584,290,80.2,0.397,0.198,0.568,high,Sikkim,Namchi
27.153014761174422,88.53208704417729,1335.6025288011458,33.27941226590648,258,-5.0,0.193,0.466,0.417,moderate,Sikkim,Namchi
27.15348605295623,88.55493787031553,1346.8712704345533,42.5199529803183,151,30.8,0.42,0.618,0.463,moderate,Sikkim,Namchi
27.19829434701564,88.52842009931966,1293.7987730509242,34.795816667146894,342,4.0,0.296,0.683,0.515,high,Sikkim,Namchi
27.188055577014143,88.55184403559213,1277.7781882272893,36.29439528972165,168,120.1,0.639,0.202,0.722,high,Sikkim,Namchi
27.16587932843787,88.54429503722604,1346.5280452100271,37.895188621743316,207,34.6,0.628,0.768,0.469,moderate,Sikkim,Namchi
27.157942601510687,88.52444618282719,1359.5704999515804,33.25588733703834,113,23.4,0.087,0.746,0.219,low,Sikkim,Namchi
27.152072816555773,88.53821348132054,1261.2666562721674,33.282626164144276,275,53.1,0.479,0.692,0.61,high,Sikkim,Namchi
27.139393968382798,88.53106976930412,1254.5014375541123,34.022044546854744,185,68.0,0.134,0.567,0.296,moderate,Sikkim,Namchi
27.14233450381834,88.55010100478302,1341.2433991717928,38.60505762734171,266,84.1,0.491,0.725,0.582,high,Sikkim,Namchi
27.1858817268454,88.53811143786332,1339.9901242808253,35.91099339825803,212,7.7,0.481,0.514,0.288,moderate,Sikkim,Namchi
27.16504436557583,88.53120058961746,1348.5577498036055,27.43552037128696,296,40.0,0.414,0.286,0.518,high,Sikkim,Namchi
27.207790205716996,88.56666891785149,1371.300963447865,34.50836205273279,146,78.2,0.47,0.493,0.423,moderate,Sikkim,Namchi
27.1556895354973,88.53442516321785,1364.0445091334664,34.779724049492046,193,6.8,0.539,0.591,0.128,low,Sikkim,Namchi
27.157866571946776,88.53580351455643,1341.9663923645935,40.590838055784204,270,17.7,0.56,0.452,0.337,moderate,Sikkim,Namchi
27.190499358696858,88.5479950200295,1304.863372944267,29.845780004588256,194,108.0,0.699,0.678,0.484,moderate,Sikkim,Namchi
27.198084794591104,88.53868456338593,1384.106088799783,40.92814586117731,214,60.1,0.299,0.482,0.539,high,Sikkim,Namchi
27.19288718709091,88.56201768202575,1244.528031468064,37.4652998506904,24,-2.8,0.167,0.635,0.257,moderate,Sikkim,Namchi
27.16935330651393,88.51641379118517,1416.0175725688675,47.2321274659199,119,50.3,0.445,0.377,0.539,high,Sikkim,Namchi
27.160173497157324,88.53545530613822,1306.1152159905098,37.63470510394436,338,69.5,0.177,0.465,0.591,high,Sikkim,Namchi
27.141055519471557,88.53324217542989,1349.1521618675793,41.71662859810392,284,19.3,0.379,0.52,0.529,high,Sikkim,Namchi
27.172308844617678,88.53391891606461,1290.4136177568232,36.42654921259134,192,-30.3,0.411,0.759,0.233,low,Sikkim,Namchi
27.17538475818994,88.54228622467589,1298.2362343564619,35.396616694688895,211,65.0,0.571,0.556,0.601,high,Sikkim,Namchi
27.17673818238388,88.57861952469494,1400.5648258255496,30.450705233137107,47,87.5,0.362,0.624,0.581,high,Sikkim,Namchi
27.163909982145192,88.5475185655342,1396.074120291753,38.98975578235856,300,-5.0,0.337,0.688,0.36,moderate,Sikkim,Namchi
27.143412915572963,88.59451157851277,1432.0801767952635,36.131506466068785,60,43.8,0.211,0.25,0.472,moderate,Sikkim,Namchi
27.162641876323114,88.5317379523373,1317.9505526181415,39.3948786471292,144,49.0,0.149,0.749,0.315,moderate,Sikkim,Namchi
27.145020240917532,88.54911317812598,1429.849771987657,43.191841107296305,240,22.9,0.526,0.476,0.504,high,Sikkim,Namchi
27.206720167624386,88.562320083526,1314.5032551981224,34.097128678820596,283,51.9,0.269,0.588,0.522,high,Sikkim,Namchi
27.158995980995922,88.56814019695818,1344.4149951775735,29.90734483797941,335,86.2,0.321,0.475,0.558,high,Sikkim,Namchi
27.162974193313254,88.51864306006021,1236.2180931319922,36.979092840367215,180,75.5,0.353,0.565,0.39,moderate,Sikkim,Namchi
27.140739332076638,88.54350069224753,1327.2335824319432,35.473123006614124,38,73.3,0.609,0.216,0.604,high,Sikkim,Namchi
27.176370529464606,88.5388734548304,1313.198365078178,34.3467648367005,258,91.9,0.325,0.564,0.431,moderate,Sikkim,Namchi
27.193448359093214,88.53570472934683,1376.33279067387,35.60822987440445,210,39.8,0.414,0.323,0.293,moderate,Sikkim,Namchi
27.204820890598313,88.55493813959544,1273.3902635727898,26.954852741535888,91,86.7,0.414,0.486,0.82,critical,Sikkim,Namchi
27.13215274463827,88.54491857956995,1309.5373231603073,39.998490567343865,191,60.6,0.442,0.608,0.542,high,Sikkim,Namchi
27.15680829394544,88.58669495458464,1450.3035499895204,42.506819281179936,332,82.2,0.358,0.56,0.675,high,Sikkim,Namchi
27.17098655770907,88.55195173857132,1342.905839024114,40.18226223070112,222,50.8,0.334,0.412,0.555,high,Sikkim,Namchi
27.203807879107575,88.523460359965,1328.6420026468127,45.67280551551643,354,33.5,0.294,0.951,0.333,moderate,Sikkim,Namchi
27.206655619589075,88.53168452129447,1303.0826257698016,34.49748356915812,161,75.9,0.289,0.606,0.501,high,Sikkim,Namchi
27.188215210280198,88.50950289312782,1295.3713393434255,41.13579784531654,290,70.3,0.41,0.722,0.637,high,Sikkim,Namchi
27.168786982898833,88.54002445452414,1395.0377666304903,34.41955117458542,256,65.1,0.272,0.657,0.405,moderate,Sikkim,Namchi
27.192614535382994,88.56353370331752,1264.215106164693,30.586661563007084,167,49.2,0.262,0.639,0.469,moderate,Sikkim,Namchi
27.1390320116977,88.58846511391388,1246.3641939396373,38.1329410651999,338,73.6,0.422,0.724,0.494,moderate,Sikkim,Namchi
27.182542014271505,88.5580393662795,1251.2002734063956,40.99119363430539,78,12.4,0.577,0.518,0.501,high,Sikkim,Namchi
27.161636834723776,88.56864046926472,1311.6974721920685,37.645434780467916,95,48.3,0.269,0.562,0.441,moderate,Sikkim,Namchi
27.189898152321554,88.56457103073785,1243.1540963025368,29.98929499960067,197,15.3,0.48,0.48,0.416,moderate,Sikkim,Namchi
27.10997720550367,88.5280653472702,1317.7657924951711,41.06111792833886,350,80.9,0.412,0.594,0.368,moderate,Sikkim,Namchi
27.188095209698186,88.5592694682222,1264.389335620354,37.73686889562881,39,38.0,0.456,0.495,0.569,high,Sikkim,Namchi
27.151953557959473,88.53619115938255,1318.8398850875335,35.43825953549866,202,3.7,0.676,0.518,0.316,moderate,Sikkim,Namchi
27.149735404167956,88.58267982258106,1400.8876035983044,24.552443428796035,69,29.4,0.581,0.595,0.372,moderate,Sikkim,Namchi
27.177252369363035,88.56910945247898,1280.7106545956938,42.39053323859791,324,37.3,0.594,0.492,0.377,moderate,Sikkim,Namchi
27.176507817856223,88.53273640264648,1363.6123163206605,39.22574706217833,303,10.8,0.411,0.557,0.486,moderate,Sikkim,Namchi
27.16156990309931,88.50362109120739,1337.420330035666,43.652738658425676,354,68.9,0.398,0.554,0.48,moderate,Sikkim,Namchi
27.179295769354972,88.56403326662267,1314.5125426781563,37.892729840906576,216,102.8,0.523,0.613,0.446,moderate,Sikkim,Namchi
27.149096577239476,88.56487611002193,1382.307365805901,31.32131542850782,278,52.9,0.343,0.721,0.436,moderate,Sikkim,Namchi
27.131539417096963,88.52634710777251,1344.198035663315,37.3960497105803,340,126.8,0.49,0.468,0.471,moderate,Sikkim,Namchi
27.159508816671277,88.532858945769,1317.1889888652781,22.015122533873207,220,23.5,0.571,0.964,0.484,moderate,Sikkim,Namchi
27.139891925568445,88.54012657655909,1323.7616520642798,39.76047591964165,237,60.8,0.442,0.594,0.655,high,Sikkim,Namchi
27.177687358479325,88.55244482314878,1204.6602738314805,41.43452475655817,59,55.6,0.202,0.412,0.451,moderate,Sikkim,Namchi
27.17358565357802,88.52729041232402,1301.8755469028667,36.847602051647776,356,73.7,0.188,0.47,0.554,high,Sikkim,Namchi
27.18655015160068,88.55359305306774,1384.3535798498315,40.690802953020466,124,39.3,0.416,0.777,0.469,moderate,Sikkim,Namchi
27.133653667514658,88.55944487141535,1292.9807673313542,32.66225490363332,336,12.2,0.381,0.473,0.486,moderate,Sikkim,Namchi
27.151791262964295,88.54013438813136,1305.4765889220978,31.742229702001588,360,43.4,0.415,0.475,0.419,moderate,Sikkim,Namchi
27.175254111929238,88.56738973383665,1277.3734111571891,36.02806583220514,250,53.9,0.35,0.794,0.56,high,Sikkim,Namchi
27.152600167709057,88.54138535444422,1354.1421055443907,29.28052975974537,344,7.8,0.363,0.381,0.312,moderate,Sikkim,Namchi
27.175073387609846,88.55846933738128,1304.1588001307623,37.98884888115502,355,43.1,0.279,0.503,0.405,moderate,Sikkim,Namchi
27.147951233017192,88.56173859197685,1205.9338448460012,32.390301971668556,88,68.8,0.515,0.389,0.468,moderate,Sikkim,Namchi
27.1620727866532,88.55301193060843,1310.6093386790735,35.53731158868334,69,17.3,0.341,0.633,0.447,moderate,Sikkim,Namchi
27.148822502969825,88.56357414436783,1301.577210298613,29.752685858560184,85,60.0,0.539,0.348,0.479,moderate,Sikkim,Namchi
27.164536688337034,88.57553873881889,1342.176167236892,39.81419356989666,253,56.5,0.419,0.559,0.399,moderate,Sikkim,Namchi
27.1768969030888,88.53386944697799,1321.4223607419676,33.691342535693245,225,36.0,0.377,0.745,0.527,high,Sikkim,Namchi
27.168542147581782,88.53418614663775,1369.650678353356,34.97639826765246,178,-37.0,0.27,0.776,0.356,moderate,Sikkim,Namchi
27.173604694064178,88.53829702155261,1309.0572510846312,27.37986631777388,312,58.3,0.351,0.6,0.43,moderate,Sikkim,Namchi
27.17026986309141,88.55774222493153,1290.955540154859,38.27402630019379,275,37.9,0.333,0.615,0.474,moderate,Sikkim,Namchi
27.191372682577526,88.54391645713878,1389.384939817255,29.606698842131074,69,90.9,0.763,0.498,0.751,critical,Sikkim,Namchi
27.175390110958986,88.54327396260821,1340.254516670319,32.1742815206529,164,101.2,0.339,0.959,0.362,moderate,Sikkim,Namchi
27.154412807369436,88.54360254021344,1267.9341774119787,37.81448535380517,324,74.0,0.176,0.472,0.373,moderate,Sikkim,Namchi
27.154450218441074,88.5124782255048,1259.4699698411225,36.62481820032704,297,64.2,0.153,0.345,0.561,high,Sikkim,Namchi
27.139856964192155,88.55862580526548,1303.6275082161808,36.406383041378945,273,101.7,0.404,0.524,0.412,moderate,Sikkim,Namchi
27.161180317667675,88.56565202177534,1289.7077887855696,34.225204626260144,248,-13.0,0.636,0.629,0.275,moderate,Sikkim,Namchi
27.141676827190107,88.52387776313785,1429.5325879865804,36.17575841979363,80,65.2,0.091,0.554,0.403,moderate,Sikkim,Namchi
27.164396469878234,88.54114391060115,1297.7054635482336,32.61969935533055,140,49.0,0.402,0.647,0.437,moderate,Sikkim,Namchi
27.164530247092582,88.54574965341827,1258.3264980994793,29.28945037287905,119,73.6,0.478,0.743,0.583,high,Sikkim,Namchi
27.192087282016956,88.56362549333593,1261.1408641095586,34.338699484971976,4,38.2,0.428,0.636,0.478,moderate,Sikkim,Namchi
27.173570956951437,88.55665955799874,1254.8958632363083,40.429839836973834,52,31.5,0.14,0.707,0.353,moderate,Sikkim,Namchi
27.184198377057303,88.51343999922118,1267.6519384475093,29.159796026143912,35,72.9,0.487,0.505,0.627,high,Sikkim,Namchi
27.16355190878967,88.52329156634944,1344.9124883301297,39.19275377404005,351,46.2,0.396,0.455,0.38,moderate,Sikkim,Namchi
27.19154895716685,88.5736190085188,1283.4562793593343,39.2546788777886,71,30.4,0.437,0.616,0.394,moderate,Sikkim,Namchi
27.16545011500551,88.5348882723376,1325.8752692158093,34.579497293285606,337,50.6,0.616,0.552,0.645,high,Sikkim,Namchi
26.122085518149646,91.75433122884957,568.7282059933648,19.314802724001,122,64.5,0.328,0.474,0.374,moderate,Assam,Kamrup
26.090210684539862,91.72644830166765,666.1581102805344,27.040457231497747,67,35.3,0.402,0.349,0.384,moderate,Assam,Kamrup
26.15502760015894,91.75616510034008,569.4057114735489,27.845632900974966,300,6.6,0.587,0.384,0.42,moderate,Assam,Kamrup
26.15030937506318,91.71314752908542,509.2550139350987,23.73844783307595,212,71.3,0.448,0.601,0.448,moderate,Assam,Kamrup
26.14929755912402,91.74304271398209,649.0350724785844,33.36548044276092,79,23.0,0.47,0.432,0.268,moderate,Assam,Kamrup
26.141394803222735,91.72948588022557,524.3591507128177,20.32638108917873,122,20.9,0.366,0.361,0.205,low,Assam,Kamrup
26.131162856089993,91.72533037046422,545.7146217827327,19.796539063658752,61,61.9,0.423,0.399,0.48,moderate,Assam,Kamrup
26.130720307568968,91.75601615904162,567.0427714668117,24.521517724677505,190,66.2,0.406,0.725,0.417,moderate,Assam,Kamrup
26.14515541605799,91.73136191721753,563.9901809760252,24.269835504955186,32,86.5,0.587,0.513,0.714,high,Assam,Kamrup
26.137760636554514,91.7357427451695,569.165435806844,25.664229514163004,80,43.4,0.806,0.428,0.389,moderate,Assam,Kamrup
26.14772609466008,91.75982955702422,645.889209093036,30.723090800907,125,49.6,0.47,0.335,0.355,moderate,Assam,Kamrup
26.149701109371204,91.73487649378787,575.9159889352524,20.525013353486905,335,77.4,0.441,0.633,0.417,moderate,Assam,Kamrup
26.143427415591983,91.74418245739199,508.8285424756721,32.23213679113044,26,26.9,0.464,0.343,0.46,moderate,Assam,Kamrup
26.164807096095586,91.74558901022587,530.5410574338266,37.45412679160444,167,73.3,0.645,0.92,0.422,moderate,Assam,Kamrup
26.151557642847656,91.70416025901667,552.2321610193646,32.786974123804896,252,78.4,0.486,0.465,0.536,high,Assam,Kamrup
26.14775474581152,91.72524760247768,560.0226740713782,27.546681853231583,277,101.9,0.396,0.529,0.373,moderate,Assam,Kamrup
26.173768696123123,91.73646887775566,596.9636926292474,21.450367193853964,53,17.3,0.636,0.814,0.177,low,Assam,Kamrup
26.155420291392165,91.73429829201125,547.2087810362915,29.471986177469205,118,73.8,0.812,0.215,0.679,high,Assam,Kamrup
26.15281749825262,91.73485877656083,572.0849071351413,29.51262238270708,201,79.0,0.291,0.506,0.341,moderate,Assam,Kamrup
26.145791370564375,91.75170123993553,514.3235156978398,36.24308218676038,358,84.6,0.488,0.195,0.617,high,Assam,Kamrup
26.15464563767974,91.73244292501876,553.0323027541882,25.617339823603807,54,63.1,0.284,0.445,0.427,moderate,Assam,Kamrup
26.157809579098814,91.73319286690867,535.9449062147772,31.663239225624956,61,67.2,0.544,0.395,0.54,high,Assam,Kamrup
26.13341318998309,91.72778803949045,567.5857876813451,25.778549093795146,127,95.9,0.547,0.472,0.669,high,Assam,Kamrup
26.149769457991557,91.72501817890497,643.7763340754764,25.08902490532026,284,79.5,0.37,0.67,0.459,moderate,Assam,Kamrup
26.146480476047742,91.73858765582682,618.841223794889,15.546925838881794,66,49.7,0.286,0.287,0.438,moderate,Assam,Kamrup
26.167447489189087,91.74958483058596,567.1439531484674,27.021106314644207,33,59.7,0.544,0.412,0.238,low,Assam,Kamrup
26.165379897150633,91.70640162605136,635.743232111349,36.31198720769035,25,63.9,0.605,0.574,0.418,moderate,Assam,Kamrup
26.174306425089306,91.74178545766736,566.2078728862972,31.07547516193243,95,69.3,0.57,0.615,0.368,moderate,Assam,Kamrup
26.123080772400698,91.71683824255038,446.47254866160443,28.07209995811458,245,44.9,0.561,0.673,0.513,high,Assam,Kamrup
26.1627914242688,91.72000282741178,488.69604204946137,21.409467170198216,9,72.5,0.445,0.615,0.491,moderate,Assam,Kamrup
26.10053984783592,91.74044479528068,500.42505542623104,27.925447207531967,92,102.2,0.383,0.431,0.602,high,Assam,Kamrup
26.13747527748385,91.77188739783095,503.7165476743487,28.832238806683446,299,89.9,0.433,0.819,0.485,moderate,Assam,Kamrup
26.1406837016946,91.77281874218428,564.7197911011024,27.157447193415315,112,131.0,0.399,0.727,0.623,high,Assam,Kamrup
26.15683769969938,91.73554371130132,553.692164201985,32.35893112460125,357,-26.0,0.204,0.282,0.379,moderate,Assam,Kamrup
26.13441216424663,91.73163361250302,640.2227839494292,24.96588741080217,252,24.6,0.556,0.51,0.288,moderate,Assam,Kamrup
26.141278313638562,91.73380748641848,505.53604696762454,28.618883981292207,314,32.0,0.376,0.6,0.355,moderate,Assam,Kamrup
26.154374613396044,91.72152841839728,615.8301556553005,28.912138900665518,72,54.8,0.476,0.481,0.205,low,Assam,Kamrup
26.11105994691472,91.7702375416312,531.7129267065814,29.40756207018871,154,58.9,0.113,0.794,0.133,low,Assam,Kamrup
26.129684068117857,91.7184578555127,517.8490090665154,35.146572345831785,287,13.9,0.768,0.532,0.289,moderate,Assam,Kamrup
26.13397038591065,91.72961472943086,523.310575139236,35.15501869869801,65,26.1,0.077,0.575,0.208,low,Assam,Kamrup
26.16481127036999,91.70852173017326,521.1060322705803,26.69576422048335,162,50.8,0.408,0.492,0.277,moderate,Assam,Kamrup
26.15465182509234,91.73193415130888,548.9215352204121,24.315093227226388,163,119.1,0.213,0.585,0.617,high,Assam,Kamrup
26.117715965703695,91.70419280958166,512.9325174074778,29.291785647426426,127,80.8,0.672,0.75,0.572,high,Assam,Kamrup
26.16500292068298,91.7425989387061,523.6021189407239,29.458734741668298,211,40.3,0.269,0.605,0.186,low,Assam,Kamrup
26.10487662069564,91.74133483577596,505.572293614001,21.80604942546993,83,20.8,0.406,0.484,0.329,moderate,Assam,Kamrup
26.143842792928698,91.7455844338385,492.9474107629524,36.76824762206854,82,-1.3,0.481,0.58,0.307,moderate,Assam,Kamrup
26.1215929760082,91.72083554106159,537.5270914553615,28.135824195438914,334,45.7,0.212,0.603,0.315,moderate,Assam,Kamrup
26.148079029766908,91.7486800570139,523.9396591035458,20.43546773429741,276,82.1,0.671,0.588,0.546,high,Assam,Kamrup
26.110046841205186,91.71951713828958,576.9358609556659,31.888926654259443,218,47.7,0.521,0.554,0.444,moderate,Assam,Kamrup
26.155668203362616,91.7439954761771,461.2315845659603,17.514756987464715,242,97.6,0.546,0.429,0.448,moderate,Assam,Kamrup
26.13986334609968,91.7287871691093,519.250499797808,27.124926227183167,195,64.3,0.293,0.411,0.483,moderate,Assam,Kamrup
26.146852389340776,91.75184162755602,627.3384754059879,31.1545774730172,341,27.8,0.519,0.536,0.485,moderate,Assam,Kamrup
26.14508284935843,91.72184130522234,595.8876277396427,29.84971025057511,267,86.6,0.527,0.605,0.389,moderate,Assam,Kamrup
26.161242526084244,91.72080197332683,644.9389426345142,33.13843106007766,17,17.6,0.491,0.664,0.25,moderate,Assam,Kamrup
26.13713083274151,91.72925605573533,551.3909895752681,24.922523116146785,85,-14.4,0.396,0.62,0.113,low,Assam,Kamrup
26.16582663338718,91.73462667602419,620.2315112472114,27.87948526823761,304,103.7,0.353,0.66,0.554,high,Assam,Kamrup
26.129145347866213,91.74921446246668,531.4954961348687,31.569019248867285,234,46.7,0.729,0.598,0.428,moderate,Assam,Kamrup
26.14643267510119,91.72662089993048,588.121313944048,33.22222779224271,298,54.1,0.388,0.489,0.278,moderate,Assam,Kamrup
26.15772338438863,91.74593365314463,505.2438718835332,26.980860995142812,210,53.7,0.045,0.722,0.253,moderate,Assam,Kamrup
26.154039114854655,91.75413435040497,494.3491603617049,22.888373438834506,205,46.1,0.618,0.397,0.394,moderate,Assam,Kamrup
26.14329725347727,91.6911718973786,558.0664996801531,27.390627635905588,155,111.1,0.476,0.496,0.6,high,Assam,Kamrup
26.158672259813994,91.73372623663923,524.2670053562749,35.83920113700029,164,28.4,0.668,0.693,0.27,moderate,Assam,Kamrup
26.153454947033985,91.77238683500435,545.2000448298924,19.572665316303123,191,46.2,0.555,0.491,0.371,moderate,Assam,Kamrup
26.13371068269719,91.73573905947012,611.1158083707843,19.730511502127158,14,65.6,0.237,0.62,0.457,moderate,Assam,Kamrup
26.150803910415927,91.73752908303891,528.7012147926376,30.562262040041016,188,78.2,0.672,0.566,0.534,high,Assam,Kamrup
26.16345226861542,91.73988489159954,524.0356238368083,26.258179236636753,242,65.9,0.241,0.499,0.359,moderate,Assam,Kamrup
26.14430051686473,91.70563947442989,539.1959638900307,32.823570379294495,83,26.2,0.328,0.714,0.496,moderate,Assam,Kamrup
26.146619850870085,91.74964546524652,515.21709317484,23.11073275779227,349,81.7,0.193,0.574,0.481,moderate,Assam,Kamrup
26.15973292731226,91.73701083886927,564.4826699550812,23.984059618333646,329,116.0,0.418,0.428,0.432,moderate,Assam,Kamrup
26.14786614844081,91.7528272155414,480.68979413035237,27.096170926097237,299,39.9,0.715,0.649,0.336,moderate,Assam,Kamrup
26.12418085691868,91.75671677169947,517.4009762258203,25.33578536625339,55,78.7,0.508,0.399,0.323,moderate,Assam,Kamrup
26.139587048669824,91.76500680486609,619.3442495274945,25.851793202795765,96,23.0,0.416,0.528,0.431,moderate,Assam,Kamrup
26.153248391125768,91.7105764787105,509.72685985013993,21.606981804725322,13,80.0,0.607,0.769,0.365,moderate,Assam,Kamrup
26.14040471395093,91.73966336223518,533.0351603033814,21.710444864400095,97,-8.1,-0.03,0.541,0.295,moderate,Assam,Kamrup
26.097515258835184,91.7434193266618,523.3796422276127,31.280431523395258,87,23.8,0.598,0.467,0.257,moderate,Assam,Kamrup
26.155237127420058,91.74734190451157,580.4069091913777,20.08029640178097,93,83.1,0.142,0.579,0.445,moderate,Assam,Kamrup
26.151257116341924,91.77614221687324,458.38331667229033,33.00130267554194,190,110.8,0.295,0.49,0.441,moderate,Assam,Kamrup
26.16218032141524,91.71649607580629,568.0546066259731,27.341022441159225,99,48.3,0.525,0.65,0.313,moderate,Assam,Kamrup
26.181508145850284,91.74927788044624,571.7326284185481,30.540206004962084,209,-10.3,0.399,0.457,0.338,moderate,Assam,Kamrup
26.152685638653395,91.72660290596181,589.2940955394147,30.18637424320376,90,113.2,0.375,0.633,0.501,high,Assam,Kamrup
26.148362815306566,91.7102766023411,597.7153243904728,35.35781303344733,45,46.0,0.448,0.452,0.424,moderate,Assam,Kamrup
26.14258451824302,91.73647383805579,470.83065337745586,26.29383153414311,7,72.0,0.516,0.407,0.519,high,Assam,Kamrup
26.177019294424134,91.73704278997438,565.207886229388,38.122238187902276,159,89.3,0.242,0.522,0.438,moderate,Assam,Kamrup
26.15203204474939,91.72114821195404,529.5335917160861,35.80243762333865,305,70.3,0.507,0.473,0.43,moderate,Assam,Kamrup
26.16770859419442,91.73563685100511,550.0217978767882,24.998467403784634,206,18.4,0.376,0.519,0.278,moderate,Assam,Kamrup
26.167981478749528,91.73945363688173,606.3557247750925,33.506886847603816,19,71.2,0.413,0.653,0.421,moderate,Assam,Kamrup
26.139290101057778,91.73271060874426,623.9854905097835,33.97432139870914,24,19.6,0.551,0.578,0.221,low,Assam,Kamrup
26.13311789972299,91.73804702875177,526.1865310774508,21.360429881969917,154,38.5,0.255,0.412,0.44,moderate,Assam,Kamrup
26.13815164371322,91.7163540407786,598.1194599332547,24.43985321486532,316,37.8,0.433,0.342,0.378,moderate,Assam,Kamrup
26.149351651939856,91.75105223142918,516.7955654854544,27.513670136628658,360,60.9,0.45,0.628,0.458,moderate,Assam,Kamrup
26.135832247655316,91.71500959305973,550.7785728857573,28.797186841464132,45,35.0,0.448,0.236,0.338,moderate,Assam,Kamrup
26.164712632479898,91.74904205959893,546.1792882493239,25.721010727613585,131,97.5,0.243,0.508,0.411,moderate,Assam,Kamrup
26.179335698156347,91.74753821397324,618.7671862019155,21.048598889696073,184,29.6,0.269,0.666,0.303,moderate,Assam,Kamrup
26.144815859142348,91.73007786673546,594.113537713519,22.08592544829553,87,58.3,0.277,0.545,0.34,moderate,Assam,Kamrup
26.142449290994833,91.71699688495646,536.4755300771761,30.052638212786615,204,19.8,0.68,0.664,0.355,moderate,Assam,Kamrup
26.153423911318317,91.70867566107276,557.1148136328369,25.656392252132754,356,73.2,0.372,0.33,0.584,high,Assam,Kamrup
26.163981966642044,91.72404599140782,501.26830504631664,25.74625266436833,312,37.5,-0.019,0.589,0.241,low,Assam,Kamrup
26.17294964102205,91.69044592849038,626.665131081362,36.231668772653336,57,29.4,0.497,0.774,0.376,moderate,Assam,Kamrup
26.184652409471543,91.73932458099395,468.5052078767329,26.718805218186834,289,74.6,0.295,0.752,0.457,moderate,Assam,Kamrup
26.133998032483863,91.71050803377653,476.5326187801676,31.29786471916755,246,62.2,0.77,0.677,0.392,moderate,Assam,Kamrup
25.788577071388968,93.40872077448718,747.6242101528188,34.413816632321925,80,24.5,0.586,0.335,0.553,high,Assam,Karbi Anglong
25.844158009605533,93.4124144653003,660.352997087957,35.52666167236778,259,16.3,0.394,0.46,0.361,moderate,Assam,Karbi Anglong
25.809228048305716,93.4391390826615,586.6529790583813,35.15680966089788,228,57.4,0.612,0.46,0.527,high,Assam,Karbi Anglong
25.839561323837074,93.4330805646222,590.9210231458878,29.161312654999925,309,16.0,0.786,0.549,0.409,moderate,Assam,Karbi Anglong
25.83154512644727,93.41177291086382,629.5307291622555,39.85913008998481,114,91.6,0.351,0.699,0.396,moderate,Assam,Karbi Anglong
25.840047806465744,93.41141132956614,658.3591840112191,32.6652753760075,337,65.1,0.288,0.572,0.29,moderate,Assam,Karbi Anglong
25.83766397041986,93.45345944174706,675.4620938334587,30.538142844653045,84,54.8,0.535,0.736,0.211,low,Assam,Karbi Anglong
25.843644085078086,93.44320302973145,750.9580147565912,38.72625162884182,110,-5.7,0.413,0.543,0.209,low,Assam,Karbi Anglong
25.80472984418863,93.45340105020466,714.8175290433495,26.315589244083718,230,-0.4,0.47,0.535,0.287,moderate,Assam,Karbi Anglong
25.87663896127101,93.43088976642896,629.702452877882,30.252244942833826,299,11.4,0.453,0.164,0.384,moderate,Assam,Karbi Anglong
25.815478293131754,93.4146557534567,714.250286345184,35.57376390605399,307,14.5,0.419,0.632,0.314,moderate,Assam,Karbi Anglong
25.820209696042934,93.4105710008166,680.5573038691774,37.03596955280267,175,29.2,0.318,0.665,0.279,moderate,Assam,Karbi Anglong
25.83373520444606,93.39839855692826,656.4799006132934,39.41055757243422,160,82.4,0.37,0.654,0.544,high,Assam,Karbi Anglong
25.832220392394596,93.41834297160145,637.9010481932435,38.17015940063845,332,33.3,0.059,0.482,0.275,moderate,Assam,Karbi Anglong
25.835660147825653,93.39721696251705,618.8840133075249,29.47837531064379,341,68.5,0.385,0.344,0.436,moderate,Assam,Karbi Anglong
25.859045703116323,93.41541552565855,703.6487460949319,32.19016467940019,195,38.9,0.182,0.696,0.262,moderate,Assam,Karbi Anglong
25.852725875395883,93.44393007319327,679.6629402947434,41.56217163375955,353,77.3,0.577,0.627,0.66,high,Assam,Karbi Anglong
25.817543405376917,93.43812191795102,651.0264183273445,26.266850250355823,114,54.3,0.301,0.413,0.397,moderate,Assam,Karbi Anglong
25.84897409764644,93.41429667731087,621.533307132939,22.1852345713575,198,48.2,0.208,0.57,0.549,high,Assam,Karbi Anglong
25.87513276540873,93.44094451891877,709.2784403066291,41.6435674528753,226,4.2,0.532,0.396,0.131,low,Assam,Karbi Anglong
25.844807175922355,93.40485721558576,611.1105540991094,26.767345785102222,99,81.8,0.111,0.489,0.292,moderate,Assam,Karbi Anglong
25.855066798014406,93.45131926948297,642.0870039614059,35.68799007325374,284,44.9,0.49,0.51,0.372,moderate,Assam,Karbi Anglong
25.79795423882564,93.43988877266631,791.2892920475423,34.85299561517545,305,48.4,0.489,0.559,0.424,moderate,Assam,Karbi Anglong
25.817965841602483,93.43154747148405,625.0157586826459,38.811641206356896,162,116.1,0.509,0.385,0.492,moderate,Assam,Karbi Anglong
25.857496273263845,93.45108194597297,641.9169487906667,34.64387067262819,109,-24.3,0.34,0.289,0.262,moderate,Assam,Karbi Anglong
25.827285862567603,93.41464078011643,602.6126231534071,28.860694336720552,332,36.1,0.285,0.451,0.614,high,Assam,Karbi Anglong
25.822948528578248,93.411743799735,753.2323066546023,30.065509209839732,164,94.5,0.412,0.244,0.614,high,Assam,Karbi Anglong
25.84327175475561,93.42558610272638,594.6959273078384,31.09251593000012,263,10.7,0.581,0.637,0.418,moderate,Assam,Karbi Anglong
25.85248947896499,93.45247204389058,708.6769626424685,31.032475516302462,275,60.6,0.246,0.859,0.437,moderate,Assam,Karbi Anglong
25.850975112772428,93.45960614146703,697.3896416444877,29.087419364084994,359,8.8,0.356,0.602,0.459,moderate,Assam,Karbi Anglong
25.871370873749157,93.44332801712589,758.547598758194,33.18105900232972,19,85.7,0.23,0.296,0.555,high,Assam,Karbi Anglong
25.831189961936392,93.4234767818868,677.3088417389537,36.94786724387934,322,58.5,0.426,0.603,0.313,moderate,Assam,Karbi Anglong
25.87590281687698,93.43118298949655,756.3233888131022,35.20293852099816,23,28.4,0.474,0.492,0.428,moderate,Assam,Karbi Anglong
25.847891067197008,93.41351531890353,752.8596958598071,36.40244462317251,224,46.5,0.345,0.614,0.374,moderate,Assam,Karbi Anglong
25.850238571246418,93.4625544942226,708.1843977576827,22.686827059577908,151,9.0,0.589,0.636,0.377,moderate,Assam,Karbi Anglong
25.8530241539814,93.39895112650343,594.6335848718257,40.73958292992215,283,66.2,0.379,0.403,0.263,moderate,Assam,Karbi Anglong
25.824187235696364,93.44555227891348,709.54031617113,33.750188991298835,176,61.7,0.341,0.739,0.446,moderate,Assam,Karbi Anglong
25.85516345584805,93.45535573213817,679.5749945725198,34.466830891081656,343,65.5,0.717,0.599,0.464,moderate,Assam,Karbi Anglong
25.86623047387368,93.4292053189533,640.5638885839801,30.72782459894219,34,68.0,0.121,0.757,0.192,low,Assam,Karbi Anglong
25.82539936532191,93.45332581051446,683.9750639293192,36.07740320335765,35,49.9,0.499,0.227,0.352,moderate,Assam,Karbi Anglong
25.83491943111322,93.45489028212711,636.3720056484856,30.094055604192224,161,71.2,0.323,0.352,0.508,high,Assam,Karbi Anglong
25.837265858302672,93.40218205724528,672.1254043102397,36.6533990163943,347,67.6,0.377,0.448,0.622,high,Assam,Karbi Anglong
25.835347978366077,93.45381021521789,710.7130451398576,38.10057568060694,143,43.4,0.094,0.412,0.38,moderate,Assam,Karbi Anglong
25.850027818404595,93.42477502161668,688.6289225828453,32.44240048880719,259,60.4,0.336,0.436,0.42,moderate,Assam,Karbi Anglong
25.845267281121657,93.4353169565138,672.9393285720844,42.56932562775094,276,12.8,0.198,0.324,0.245,low,Assam,Karbi Anglong
25.848509259791925,93.3978013696946,665.758965408087,37.4054077646235,261,-1.0,0.445,0.479,0.386,moderate,Assam,Karbi Anglong
25.89919136633525,93.41729874507445,646.1820569513235,24.29671637888807,71,74.0,0.477,0.661,0.476,moderate,Assam,Karbi Anglong
25.87596907873651,93.42342885255258,633.1145295930412,32.48772090925442,112,32.2,0.431,0.759,0.322,moderate,Assam,Karbi Anglong
25.832173620446316,93.40893355247546,692.7642105815057,27.21152355060381,232,51.6,0.291,0.54,0.474,moderate,Assam,Karbi Anglong
25.871784613517868,93.42441726951554,667.8954579463385,40.139845806284946,296,56.3,0.371,0.508,0.392,moderate,Assam,Karbi Anglong
25.822315576900785,93.39879885987236,631.679421633996,31.49224595312269,114,32.2,0.375,0.469,0.308,moderate,Assam,Karbi Anglong
25.81694136509607,93.43305441773484,652.6500426216579,31.968430965960575,84,22.2,0.386,0.667,0.263,moderate,Assam,Karbi Anglong
25.858925905927837,93.45267819897936,710.0393853151814,25.28581456798958,212,54.5,0.579,0.534,0.521,high,Assam,Karbi Anglong
25.846898736353968,93.44150077531174,685.3288638318753,31.07743762367158,22,68.0,0.178,0.38,0.441,moderate,Assam,Karbi Anglong
25.852721541902618,93.42285823663616,736.7331070124341,41.780242715053035,264,77.9,0.545,0.669,0.582,high,Assam,Karbi Anglong
25.83839980499205,93.40108975703916,675.5823401352799,34.07058494780055,229,89.2,0.347,0.523,0.482,moderate,Assam,Karbi Anglong
25.834600356897536,93.4359018578527,605.8529092568969,27.76169659253639,319,23.4,0.295,0.445,0.363,moderate,Assam,Karbi Anglong
25.8184051253042,93.43770354722923,686.2411926383177,36.894352996453584,55,37.4,0.301,0.528,0.286,moderate,Assam,Karbi Anglong
25.85661497903166,93.40581335992253,727.4178941540385,41.66722985439914,307,86.3,0.419,0.742,0.394,moderate,Assam,Karbi Anglong
25.83349633668674,93.43117692410699,605.3826449622482,26.32578477245168,347,100.9,0.464,0.475,0.54,high,Assam,Karbi Anglong
25.829811143944152,93.4273102800312,708.4892943165145,23.64474493185701,195,28.4,0.253,0.519,0.371,moderate,Assam,Karbi Anglong
25.825306028298126,93.42030851907815,677.5816811903226,40.516635660712325,42,18.0,0.619,0.789,0.271,moderate,Assam,Karbi Anglong
25.835037688398565,93.39585328534673,657.9092425027767,30.82168336296868,3,37.3,0.7,0.468,0.497,moderate,Assam,Karbi Anglong
25.86052403568826,93.44308268828055,646.5508389821017,30.01130647633112,274,35.6,0.472,0.601,0.303,moderate,Assam,Karbi Anglong
25.84464504324269,93.40935831171493,692.0921587919956,26.390011632665242,189,24.6,0.466,0.514,0.534,high,Assam,Karbi Anglong
25.847051943719194,93.41007874620665,744.5733366308252,39.615483833805584,60,17.9,0.337,0.746,0.313,moderate,Assam,Karbi Anglong
25.848481081181845,93.4497314124046,646.6414990259478,37.372295022443616,356,49.6,0.237,0.522,0.332,moderate,Assam,Karbi Anglong
25.856473965631935,93.39491666921451,613.360848078618,33.19894142571815,45,46.1,0.355,0.386,0.51,high,Assam,Karbi Anglong
25.800870416329857,93.46834966771661,634.2341757758002,28.01776368895804,305,69.5,0.442,0.586,0.476,moderate,Assam,Karbi Anglong
25.882908259150874,93.43262230702612,734.7921502348179,29.453499628921257,99,98.4,0.491,0.629,0.63,high,Assam,Karbi Anglong
25.846626769755765,93.43474151902413,680.0808450546608,32.11958384935143,80,89.7,0.443,0.442,0.511,high,Assam,Karbi Anglong
25.83291856414866,93.43748512283632,757.615005903549,32.75171567405832,46,70.6,0.463,0.37,0.579,high,Assam,Karbi Anglong
25.822860856917725,93.46008796774296,699.0563234299864,44.69990979813976,232,4.0,0.326,0.365,0.283,moderate,Assam,Karbi Anglong
25.850082206979103,93.4348081594864,646.7345308105037,43.654262987714375,262,85.5,0.316,0.539,0.576,high,Assam,Karbi Anglong
25.82612942944464,93.38114240678021,600.9449056868689,28.686453919350082,173,109.1,0.318,0.626,0.392,moderate,Assam,Karbi Anglong
25.853797441477248,93.43170045792768,744.5711393576602,34.91814936454399,112,82.3,0.36,0.357,0.527,high,Assam,Karbi Anglong
25.841219197703293,93.42971059531459,698.6483972094468,28.715117691102847,47,40.4,0.303,0.4,0.624,high,Assam,Karbi Anglong
25.85154044286796,93.44563635168721,692.8120532383753,38.40238945869518,93,9.9,0.548,0.446,0.485,moderate,Assam,Karbi Anglong
25.854143454783557,93.46099721001148,703.7214120283668,29.559591566970337,103,93.0,0.326,0.699,0.412,moderate,Assam,Karbi Anglong
25.84989901709566,93.43553107675459,736.014850837317,30.402333393420644,3,79.0,0.154,0.389,0.581,high,Assam,Karbi Anglong
25.827090405961883,93.4139868522105,786.1566953896046,31.020834703948754,140,53.3,0.213,0.716,0.402,moderate,Assam,Karbi Anglong
25.84857466997406,93.45582142342587,764.4684175458906,34.990078890037566,244,-36.4,0.425,0.655,0.2,low,Assam,Karbi Anglong
25.84758257296981,93.40818324481108,723.9521448616284,36.14655669523658,161,57.2,0.386,0.379,0.61,high,Assam,Karbi Anglong
25.83142530355019,93.45451291279893,676.1587449913352,38.29432001742903,121,48.3,0.379,0.598,0.534,high,Assam,Karbi Anglong
25.82548986064564,93.43958677976896,680.6574845947006,27.23467397028038,205,40.8,0.776,0.497,0.534,high,Assam,Karbi Anglong
25.845231799050417,93.4390914963645,675.4157089818341,35.63819576290882,221,46.5,0.493,0.683,0.513,high,Assam,Karbi Anglong
25.841241633957477,93.43047271866922,656.329738308474,33.27198529093299,322,62.3,0.322,0.626,0.265,moderate,Assam,Karbi Anglong
25.820042865733345,93.42014033047806,618.499591290487,36.56331373344806,30,2.4,0.374,0.578,0.233,low,Assam,Karbi Anglong
25.843473117284706,93.41449655167601,639.2075093083447,36.91167038670801,131,54.9,0.512,0.586,0.41,moderate,Assam,Karbi Anglong
25.82333229980881,93.41384834024112,643.4121093410602,26.973049173987643,145,32.8,0.528,0.416,0.545,high,Assam,Karbi Anglong
25.859066333660788,93.41747732619702,663.9239803825698,38.88187065434078,74,22.5,0.577,0.306,0.437,moderate,Assam,Karbi Anglong
25.828492654852653,93.41678743714617,696.9368048995402,30.880944454847967,175,79.0,0.242,0.691,0.386,moderate,Assam,Karbi Anglong
25.83422039398075,93.417450224907,586.2548177009762,35.38179671812118,185,53.6,0.53,0.52,0.531,high,Assam,Karbi Anglong
25.850295331260106,93.42180058483369,683.6715720551778,35.78935622691671,358,49.5,0.218,0.464,0.409,moderate,Assam,Karbi Anglong
25.86488115817843,93.42124196874506,760.9787669452156,34.84808429209908,268,50.0,0.297,0.496,0.431,moderate,Assam,Karbi Anglong
25.82056099003443,93.39558842059489,666.2614172266992,35.51046325026746,145,51.2,0.338,0.543,0.467,moderate,Assam,Karbi Anglong
25.862334172890037,93.43411692263057,766.09385869881,26.928291381231546,239,35.4,0.427,0.46,0.394,moderate,Assam,Karbi Anglong
25.874368513678093,93.42411632700328,709.8561691353857,38.04975712973102,323,87.0,0.371,0.527,0.597,high,Assam,Karbi Anglong
25.80120094460893,93.4207760002593,644.3465801546563,32.412864306171514,45,49.6,0.093,0.353,0.433,moderate,Assam,Karbi Anglong
25.880763611461575,93.43002133133473,706.4997818516683,28.251857881791846,240,23.3,0.451,0.542,0.461,moderate,Assam,Karbi Anglong
24.80654780807958,93.96923843356495,806.0093974387883,29.562792411922704,3,5.3,0.35,0.299,0.379,moderate,Manipur,Imphal East
24.817020682181628,93.96848656477604,728.9223086048647,28.54623238025774,112,31.5,0.371,0.669,0.317,moderate,Manipur,Imphal East
24.847652235666903,93.91733517916343,769.6606624699363,32.2474935263379,272,47.4,0.557,0.567,0.639,high,Manipur,Imphal East
24.809990353517765,93.96439185376373,756.5628153227881,33.313655601542585,318,61.2,0.256,0.608,0.382,moderate,Manipur,Imphal East
24.870055292961638,93.94422538863809,780.820593926211,38.531905877107775,224,23.7,0.407,0.779,0.586,high,Manipur,Imphal East
24.807564925640406,93.95127965640225,839.8268582945554,19.241375262738593,237,46.9,0.292,0.652,0.501,high,Manipur,Imphal East
24.82656575386549,93.94930769366289,737.172400874655,39.9157701166528,92,47.5,0.364,0.769,0.491,moderate,Manipur,Imphal East
24.84163689357511,93.96051371484747,786.5598954127993,44.587651164041326,226,70.5,0.669,0.665,0.356,moderate,Manipur,Imphal East
24.841605885799545,93.95328819869462,798.8139276494351,40.795937012257745,159,51.7,0.884,0.627,0.692,high,Manipur,Imphal East
24.807282734344195,93.93367099899542,744.1630497982362,36.49571689342546,184,66.2,0.366,0.516,0.31,moderate,Manipur,Imphal East
24.805110600776565,93.92366607990591,805.9447999892673,39.48957783205487,61,95.5,0.206,0.565,0.543,high,Manipur,Imphal East
24.805890751357143,93.90834952803944,834.2437622899391,43.0980810267738,127,32.2,0.468,0.744,0.377,moderate,Manipur,Imphal East
24.845011816645233,93.93626719148695,852.9050364194743,38.63802911297125,359,57.2,0.455,0.295,0.338,moderate,Manipur,Imphal East
24.790142004539916,93.92648686872346,725.4673116317487,44.6339308065899,98,36.1,0.384,0.419,0.433,moderate,Manipur,Imphal East
24.847362494939432,93.9444918444037,727.7028671472895,33.73307445289361,250,79.0,0.42,0.532,0.433,moderate,Manipur,Imphal East
24.811020951661614,93.97405845979344,840.6227802448336,32.745203551880984,35,57.1,0.49,0.41,0.623,high,Manipur,Imphal East
24.7838380949721,93.94664288079127,704.7251535137206,35.6956172903938,9,17.9,0.368,0.629,0.253,moderate,Manipur,Imphal East
24.865191860544236,93.95706099412452,799.6396675270247,33.055923163075484,349,29.2,0.302,0.454,0.332,moderate,Manipur,Imphal East
24.810874094509906,93.92930882900409,767.6218936778766,35.73018239565467,66,12.0,0.403,0.45,0.321,moderate,Manipur,Imphal East
24.845086253376113,93.94249082297904,741.6253335133097,39.73727964723169,319,53.3,0.434,0.627,0.491,moderate,Manipur,Imphal East
24.858649247762564,93.95667872436965,800.9054451065803,41.61991896781005,40,43.1,0.29,0.413,0.524,high,Manipur,Imphal East
24.84569657570842,93.91319061397087,790.7565049092368,34.333511406632596,315,8.0,0.443,0.391,0.511,high,Manipur,Imphal East
24.864811815246092,93.91945200847088,851.8584892651365,40.60511381726329,272,49.1,0.443,0.665,0.476,moderate,Manipur,Imphal East
24.84119339450469,93.92851731764813,708.672882293942,33.04237295519914,326,35.2,0.465,0.442,0.33,moderate,Manipur,Imphal East
24.8451470607699,93.95837994620908,729.6272893107221,34.16969181010044,336,10.2,0.296,0.503,0.248,low,Manipur,Imphal East
24.79242863304005,93.99342970548494,764.2082182316979,40.29995479888655,324,108.8,0.852,0.419,0.698,high,Manipur,Imphal East
24.824656507710742,93.97000132982691,820.2366047110977,34.28652197383811,231,6.3,0.502,0.4,0.311,moderate,Manipur,Imphal East
24.797091664644086,93.92313036171558,828.3493828912837,35.824600618159586,153,21.4,0.449,0.487,0.121,low,Manipur,Imphal East
24.851848613501385,93.92384354889994,838.2686258019704,33.08841721808279,292,70.8,0.39,0.448,0.652,high,Manipur,Imphal East
24.829340322762945,93.95141674001121,754.3268182797307,34.20246334413822,153,65.5,0.361,0.687,0.476,moderate,Manipur,Imphal East
24.81113545728277,93.90179619807179,829.5243613009973,44.27083251506029,353,75.4,0.483,0.762,0.41,moderate,Manipur,Imphal East
24.852356604577448,93.94525820628087,721.9855374126382,41.895386880674415,171,33.8,0.135,0.728,0.422,moderate,Manipur,Imphal East
24.826803643806432,93.92633207681884,747.0550853892265,30.437985250876388,5,18.1,0.626,0.289,0.552,high,Manipur,Imphal East
24.806114203696062,93.96019373117365,750.0936525443745,42.8509464541067,78,21.7,0.242,0.722,0.38,moderate,Manipur,Imphal East
24.79740175185484,93.9234572348485,793.2176221649473,40.072873365024236,201,96.2,0.476,0.423,0.632,high,Manipur,Imphal East
24.802099557401224,93.93214908016641,743.1014662858876,39.17783279929518,357,66.2,0.509,0.305,0.548,high,Manipur,Imphal East
24.809384500683066,93.92600056527128,725.1567200261777,30.567838752061434,126,61.0,0.459,0.388,0.452,moderate,Manipur,Imphal East
24.808321084177106,93.93230770069644,745.1832776887496,38.463238642484015,97,51.1,0.518,0.344,0.555,high,Manipur,Imphal East
24.844596161647416,93.9346546373051,839.923274546276,35.66615777481628,74,32.7,0.582,0.676,0.446,moderate,Manipur,Imphal East
24.834986023609346,93.96362346796298,856.3837382492866,40.211245088965626,124,-13.4,0.525,0.574,0.491,moderate,Manipur,Imphal East
24.84765564853391,93.93945182471329,827.849330022058,39.51906002348824,11,115.1,0.292,0.739,0.398,moderate,Manipur,Imphal East
24.817056305258824,93.91156762813489,674.3471070061668,25.10610795036451,355,25.8,0.614,0.595,0.556,high,Manipur,Imphal East
24.828768482035347,93.94009767281811,767.2879720111881,44.62195710200992,316,48.2,0.373,0.358,0.381,moderate,Manipur,Imphal East
24.801252908889687,93.91185759821258,826.3496332331821,33.540213518123906,55,45.5,0.566,0.602,0.451,moderate,Manipur,Imphal East
24.77687839210662,93.97414541860638,821.281511649966,38.54995390278864,305,109.9,0.436,0.486,0.519,high,Manipur,Imphal East
24.820730268440535,93.93493901777956,787.0058932595051,42.13831037968859,170,31.1,0.381,0.384,0.419,moderate,Manipur,Imphal East
24.806566739983765,93.95018469257388,924.5886243561697,35.65112847638388,141,0.5,0.416,0.776,0.343,moderate,Manipur,Imphal East
24.81893866967729,93.93230905900961,747.8471107747185,34.628053561112154,77,65.9,0.205,0.778,0.269,moderate,Manipur,Imphal East
24.78714576866084,93.93289165269519,839.0690218061546,30.537555177699385,213,33.7,0.526,0.708,0.544,high,Manipur,Imphal East
24.805053614463528,93.95876363248159,793.3292692040169,38.63083085032722,277,51.0,0.486,0.873,0.391,moderate,Manipur,Imphal East
24.85225122671162,93.91072645132603,686.9259860834175,40.657181288511545,74,41.9,0.308,0.698,0.511,high,Manipur,Imphal East
24.785794485236597,93.93024321503296,824.461689036737,44.75711507846229,74,28.5,0.239,0.581,0.397,moderate,Manipur,Imphal East
24.798640682982388,93.94824962682851,882.9176220425204,31.71666520190444,140,42.7,0.147,0.663,0.297,moderate,Manipur,Imphal East
24.844598953753927,93.93435822738759,731.7694031645971,31.760354417907994,305,61.2,0.479,0.573,0.497,moderate,Manipur,Imphal East
24.79362763963394,93.94026100102718,723.5738242221229,31.175812331659277,191,55.1,0.627,0.405,0.633,high,Manipur,Imphal East
24.820044650076486,93.95707129941637,897.7515862373331,33.78187285770108,211,62.0,0.536,0.461,0.514,high,Manipur,Imphal East
24.839007433128824,93.98142303268123,721.7025669446851,38.579179250931034,352,57.7,0.62,0.58,0.565,high,Manipur,Imphal East
24.848490516534007,93.94527171517701,754.3536710578993,38.95781810520215,313,35.0,0.548,0.553,0.545,high,Manipur,Imphal East
24.815406203126432,93.93142614247412,828.7200074120487,39.503304068490834,21,86.3,0.327,0.341,0.491,moderate,Manipur,Imphal East
24.83620068420761,93.94163377579409,798.1907177758391,23.24038342516418,97,66.2,0.322,0.131,0.435,moderate,Manipur,Imphal East
24.796658264577843,93.94183973045428,773.3091145794373,34.907319023936424,264,42.3,0.546,0.455,0.644,high,Manipur,Imphal East
24.804408930082847,93.93674796058447,694.9091297069767,30.578255979822472,279,77.5,0.305,0.51,0.45,moderate,Manipur,Imphal East
24.790365665046398,93.91982318691795,802.3784831890863,41.2570782783986,128,70.5,0.516,0.46,0.537,high,Manipur,Imphal East
24.816081890012306,93.92810209519038,766.7452904432095,29.1766171836664,43,30.5,0.594,0.528,0.388,moderate,Manipur,Imphal East
24.835547847012094,93.93074171356403,723.4484717939558,41.82924474704943,171,20.8,0.378,0.596,0.261,moderate,Manipur,Imphal East
24.83064013175697,93.96525899798628,748.3446148719572,38.08302917723595,228,9.6,0.312,0.728,0.491,moderate,Manipur,Imphal East
24.851048684897016,93.93755593198728,844.4966369289455,36.449572573410535,255,45.4,0.492,0.856,0.272,moderate,Manipur,Imphal East
24.79772337952422,93.92475910346636,768.8168567716571,37.08818442495303,307,46.9,0.396,0.632,0.38,moderate,Manipur,Imphal East
24.822819222194834,93.9244579666637,792.6988288373998,37.54374789845265,178,112.0,0.413,0.513,0.713,high,Manipur,Imphal East
24.803515838562227,93.97972570986914,835.4919606228162,37.574855153062124,91,107.3,0.467,0.407,0.421,moderate,Manipur,Imphal East
24.793900673590045,93.92552285815832,867.3172478201292,34.251598270034684,184,63.0,0.504,0.426,0.372,moderate,Manipur,Imphal East
24.81157664617763,93.94196131208582,729.2503678665595,38.78792885301208,149,62.1,0.372,0.506,0.559,high,Manipur,Imphal East
24.805239774973277,93.94387943510372,790.4054085312958,37.67428270115446,292,35.0,0.414,0.635,0.339,moderate,Manipur,Imphal East
24.799473173099003,93.89360302311697,826.9894171238693,35.645731173341694,311,44.6,0.19,0.722,0.365,moderate,Manipur,Imphal East
24.841761478984424,93.92459325151583,705.2024440382899,36.182947105950795,254,63.4,0.305,0.363,0.407,moderate,Manipur,Imphal East
24.818115507517263,93.9366537894183,855.2791460215367,37.052108361677206,60,31.1,0.404,0.368,0.326,moderate,Manipur,Imphal East
24.83479976897391,93.94203105713262,797.9149238574022,32.75736951918111,327,48.4,0.298,0.434,0.364,moderate,Manipur,Imphal East
24.799319312734546,93.93605640445008,862.0303221856188,36.293043115488196,174,57.4,0.516,0.582,0.396,moderate,Manipur,Imphal East
24.830055585886843,93.97237139560775,836.4310642531125,33.320871141286055,242,19.1,0.518,0.824,0.332,moderate,Manipur,Imphal East
24.83632610877515,93.92122861522884,741.389874348727,43.531312761662704,211,62.6,0.193,0.341,0.465,moderate,Manipur,Imphal East
24.805900743648092,93.91388995971062,851.1714748140114,36.77004443386111,169,59.2,0.378,0.358,0.46,moderate,Manipur,Imphal East
24.8160425403278,93.94174153630449,855.8022065437747,35.27900380369733,84,69.2,0.101,0.31,0.657,high,Manipur,Imphal East
24.81730253585303,93.905538928504,781.0021368087095,37.16497775961437,211,23.1,0.336,0.302,0.29,moderate,Manipur,Imphal East
24.80907534469577,93.9598850896477,807.9752547769847,40.313740584183684,19,102.5,0.559,0.355,0.737,high,Manipur,Imphal East
24.793589536802607,93.93936024521066,827.6078207242047,46.54990948935704,268,61.5,0.073,0.518,0.413,moderate,Manipur,Imphal East
24.84095002495984,93.93412138349682,819.850290907625,35.84506264737461,18,40.1,0.524,0.558,0.403,moderate,Manipur,Imphal East
24.84477189418901,93.92422632401549,768.2943108849673,34.80827352640545,239,4.1,0.46,0.537,0.365,moderate,Manipur,Imphal East
24.850379044926466,93.94154631803977,763.9353759077854,33.371716413315575,102,60.7,0.355,0.575,0.29,moderate,Manipur,Imphal East
24.825405571921216,93.94446305682334,784.7026561616943,36.86711240522722,318,58.5,0.513,0.482,0.589,high,Manipur,Imphal East
24.81068078623247,93.98429462590741,807.7430388528084,29.839810453428957,87,37.0,0.374,0.367,0.398,moderate,Manipur,Imphal East
24.83243664567968,93.95325368248295,775.3239153833363,33.888460225794475,27,87.3,0.489,0.464,0.637,high,Manipur,Imphal East
24.795968590438825,93.91455256022319,741.812374641959,37.564674264916206,170,75.6,0.477,0.461,0.318,moderate,Manipur,Imphal East
24.85012209132594,93.93127240390187,760.0324322829196,36.56854311175843,357,69.5,0.184,0.462,0.34,moderate,Manipur,Imphal East
24.80282104774876,93.93993229718848,802.2841346479513,45.80035616261268,315,17.6,0.433,0.456,0.251,moderate,Manipur,Imphal East
24.79779459462542,93.9715646215877,759.8308197566131,41.15510671982578,33,48.6,0.542,0.686,0.66,high,Manipur,Imphal East
24.820064148337636,93.90973390127319,802.229333643064,37.67250697887542,54,22.4,0.422,0.461,0.417,moderate,Manipur,Imphal East
24.800224589513178,93.9488570499533,740.3081123988303,31.661736560739335,246,30.1,0.593,0.599,0.319,moderate,Manipur,Imphal East
24.82157462376372,93.91591178710277,800.5721443448507,29.90102837211284,120,29.6,0.491,0.628,0.291,moderate,Manipur,Imphal East
24.822109505480736,93.92837294882827,749.4781338167489,33.48173132075358,49,70.7,0.598,0.534,0.369,moderate,Manipur,Imphal East
24.845450948661725,93.9599611187901,792.5246485952017,31.16385120296963,253,58.2,0.316,0.605,0.428,moderate,Manipur,Imphal East
24.302883997567623,93.66619870733695,945.8852692762246,32.176210190165186,338,43.4,0.358,0.567,0.501,high,Manipur,Churachandpur
24.34232910306654,93.7110087650203,888.5938931721964,45.93783037140019,347,71.9,0.549,0.398,0.643,high,Manipur,Churachandpur
24.32737109212473,93.68967662733853,1061.4257381394027,40.747636186496464,206,25.8,0.739,0.158,0.643,high,Manipur,Churachandpur
24.333004891110363,93.68233542109158,786.0273714098016,34.89077584261998,56,83.8,0.16,0.848,0.543,high,Manipur,Churachandpur
24.318419946774657,93.69329073587639,878.6843987928982,43.29240550608642,279,88.7,0.17,0.572,0.655,high,Manipur,Churachandpur
24.34266116939872,93.66675345883431,879.2015759026486,42.04979864224538,343,54.5,0.49,0.673,0.583,high,Manipur,Churachandpur
24.354160783962502,93.66311164911043,941.6781672399969,39.57703022372461,70,53.2,0.416,0.5,0.441,moderate,Manipur,Churachandpur
24.31551007275751,93.66964952002193,940.4759462567621,45.39607162884205,282,30.5,0.279,0.295,0.481,moderate,Manipur,Churachandpur
24.355660031572462,93.6835960047542,905.5598254616676,32.166026209567676,137,62.6,0.266,0.574,0.571,high,Manipur,Churachandpur
24.303775112377952,93.66952574716915,958.4228367570563,43.740121468273294,353,18.1,0.5,0.272,0.66,high,Manipur,Churachandpur
24.33225922985272,93.66630876863218,854.4766666553609,39.35299578866267,312,92.5,0.517,0.257,0.576,high,Manipur,Churachandpur
24.357201302671534,93.6958547748367,927.8825215320709,35.86780220665587,27,78.8,0.489,0.53,0.294,moderate,Manipur,Churachandpur
24.35390549575882,93.66795836868147,892.1374873184462,44.06655881552488,150,80.5,0.294,0.715,0.502,high,Manipur,Churachandpur
24.328485824403046,93.6570096771007,967.4436875047135,42.130625726639686,86,48.0,0.439,0.771,0.375,moderate,Manipur,Churachandpur
24.35489458337681,93.68643117685946,928.977348509778,41.43009737657299,142,10.7,0.303,0.486,0.537,high,Manipur,Churachandpur
24.330735066746026,93.65532342221552,984.2276092171151,35.61470091137791,337,49.5,0.607,0.532,0.589,high,Manipur,Churachandpur
24.296513337786212,93.68589181826705,944.649344772121,36.50698413658618,43,-1.5,0.49,0.534,0.542,high,Manipur,Churachandpur
24.332558124261848,93.66186059399126,860.4221000829157,44.924554657465066,326,89.5,0.359,0.675,0.357,moderate,Manipur,Churachandpur
24.32885700335856,93.71935893954394,967.8279491293657,41.80956524150197,243,69.6,0.571,0.577,0.513,high,Manipur,Churachandpur
24.309426594626768,93.70393935469629,887.3535516317826,40.44518787103158,222,34.2,0.636,0.553,0.363,moderate,Manipur,Churachandpur
24.36164063371664,93.67528752454317,1023.0575166787107,42.84821279084639,326,118.5,0.426,0.336,0.682,high,Manipur,Churachandpur
24.329953754988953,93.69821879282155,927.3948373976268,36.36608747708695,299,14.9,0.63,0.382,0.37,moderate,Manipur,Churachandpur
24.321023748353802,93.67553236410129,875.039326928598,46.52958705245079,92,9.9,0.563,0.549,0.261,moderate,Manipur,Churachandpur
24.311485367914266,93.69541904011344,896.652496313559,35.723363372388484,145,48.3,0.42,0.606,0.468,moderate,Manipur,Churachandpur
24.297028339730925,93.65887463283887,928.9952984827239,46.61657266293882,62,49.9,0.439,0.512,0.459,moderate,Manipur,Churachandpur
24.30839305461222,93.64680020211519,795.4046453929682,34.729013446391825,56,46.1,0.327,0.599,0.402,moderate,Manipur,Churachandpur
24.30308714290202,93.64785259157964,906.2929145796477,45.20421907258046,341,42.3,0.292,0.206,0.517,high,Manipur,Churachandpur
24.335530150334908,93.66313615398396,906.2660693636678,41.527767785020586,135,53.3,0.268,0.581,0.481,moderate,Manipur,Churachandpur
24.309706237413195,93.7004897256165,963.4435344602208,43.92777788548075,220,55.0,0.451,0.65,0.472,moderate,Manipur,Churachandpur
24.33840059560536,93.6872036708421,880.7736094680419,38.35396900619283,228,58.5,0.611,0.753,0.427,moderate,Manipur,Churachandpur
24.35154183136423,93.68718672465094,940.9270918370754,43.6454241617354,200,85.0,0.421,0.546,0.542,high,Manipur,Churachandpur
24.296713999369608,93.69757697869403,931.9437509819038,31.393386084685662,276,17.8,0.318,0.712,0.331,moderate,Manipur,Churachandpur
24.350121148966227,93.6995859600816,959.972002541828,39.76246183775802,155,54.5,0.546,0.453,0.357,moderate,Manipur,Churachandpur
24.282470957340415,93.67150677820138,963.5371313084898,42.68652075925447,148,15.6,0.524,0.613,0.409,moderate,Manipur,Churachandpur
24.343378851703896,93.71126292063528,971.1529324256674,35.726295375342694,183,38.8,0.325,0.693,0.443,moderate,Manipur,Churachandpur
24.33662002776968,93.68350837509281,951.898843839834,39.91614119149957,199,-12.2,0.426,0.46,0.385,moderate,Manipur,Churachandpur
24.343231992035896,93.66364375991795,928.7332309865064,39.9640408134423,28,84.5,0.472,0.484,0.676,high,Manipur,Churachandpur
24.318374292088677,93.66246898631374,1008.964305680463,36.285820722470795,274,24.9,0.604,0.464,0.509,high,Manipur,Churachandpur
24.35054409380559,93.70513090777979,804.9917272508558,42.01127666156078,23,73.4,0.559,0.587,0.533,high,Manipur,Churachandpur
24.362826139831903,93.66159137733065,971.282799127274,43.944655251526946,302,52.0,0.617,0.761,0.51,high,Manipur,Churachandpur
24.32680189456654,93.67770290996945,928.2990874475017,44.336616129100435,347,100.9,0.508,0.702,0.667,high,Manipur,Churachandpur
24.309712452848988,93.72907505370053,918.4972872339627,41.48681047184711,88,37.6,0.444,0.474,0.347,moderate,Manipur,Churachandpur
24.323792689037685,93.65853743501147,809.3599020484944,44.28572625097246,20,42.2,0.465,0.648,0.539,high,Manipur,Churachandpur
24.354740139789538,93.71693355520536,920.2629190564442,40.292450925579146,45,85.5,0.597,0.452,0.519,high,Manipur,Churachandpur
24.33816428363253,93.66055786609711,934.4131398036877,41.98803782783346,138,39.2,0.206,0.501,0.566,high,Manipur,Churachandpur
24.344449663821088,93.68545075292786,792.4906146660667,40.0086492954081,321,19.4,0.378,0.741,0.334,moderate,Manipur,Churachandpur
24.353168589773524,93.73736828921788,983.7160298420494,38.99079568355719,276,61.7,0.287,0.383,0.551,high,Manipur,Churachandpur
24.341440869928423,93.68570081361217,972.0131932599062,47.7665951833212,242,16.5,0.392,0.478,0.361,moderate,Manipur,Churachandpur
24.3231809146467,93.69283531005095,914.3987378784861,46.9252307830039,232,32.3,0.401,0.594,0.416,moderate,Manipur,Churachandpur
24.337296104983768,93.66002788851044,994.1700269310106,47.07449866451215,227,97.5,0.466,0.633,0.542,high,Manipur,Churachandpur
24.316290577258112,93.71339457633741,904.5429941084524,42.016706086414594,211,27.7,0.327,0.621,0.547,high,Manipur,Churachandpur
24.290337667694573,93.68661439133213,985.311213290293,49.05756373886224,232,69.9,0.294,0.581,0.597,high,Manipur,Churachandpur
24.32220120141075,93.69480682461462,908.4374475320319,41.09561626835665,291,62.7,0.53,0.455,0.549,high,Manipur,Churachandpur
24.34091902273732,93.69864736320352,966.4209442300414,35.54691369031944,326,65.1,0.43,0.649,0.408,moderate,Manipur,Churachandpur
24.334820241699763,93.70293388590942,816.3821159554274,38.642656299077906,110,112.3,0.305,0.382,0.533,high,Manipur,Churachandpur
24.330894451311917,93.66750399187285,884.279401826178,45.82014332142834,302,2.1,0.245,0.506,0.507,high,Manipur,Churachandpur
24.39142586545777,93.69939407911917,908.8617968429282,34.108989534917384,217,112.7,0.29,0.675,0.499,moderate,Manipur,Churachandpur
24.318022069205977,93.68686741907716,907.6219003106078,39.71596382766493,208,16.4,0.367,0.633,0.211,low,Manipur,Churachandpur
24.351449181822296,93.69484002924766,888.6727657710309,47.33629411028577,292,65.2,0.375,0.489,0.641,high,Manipur,Churachandpur
24.34654667811717,93.66800818828908,926.9203766629746,35.34015019431817,237,49.9,0.367,0.302,0.537,high,Manipur,Churachandpur
24.32324896250319,93.65957697566091,890.8744565271485,48.0047026135308,357,49.6,0.392,0.447,0.408,moderate,Manipur,Churachandpur
24.36823059996289,93.7025916661587,913.4999712680606,38.32785962591193,345,85.4,0.338,0.623,0.353,moderate,Manipur,Churachandpur
24.350681199937647,93.68735354120594,868.3633499921725,33.733596263842806,287,43.6,0.437,0.426,0.553,high,Manipur,Churachandpur
24.349454823439633,93.69743646031898,976.1141562611708,37.54239100084649,359,44.9,0.302,0.66,0.421,moderate,Manipur,Churachandpur
24.328912700856623,93.71252179440198,911.9291363323418,41.78297554453106,176,62.4,0.64,0.572,0.634,high,Manipur,Churachandpur
24.295583679952713,93.6750599003429,959.2534380739733,36.76142632650628,188,16.2,0.452,0.631,0.307,moderate,Manipur,Churachandpur
24.370851376680392,93.69940720866019,895.2708630022267,40.53474656583508,91,72.3,0.056,0.679,0.212,low,Manipur,Churachandpur
24.324554526323016,93.66035927027423,957.875966003761,35.71203374518694,321,32.1,0.765,0.643,0.549,high,Manipur,Churachandpur
24.311600345703535,93.6859081191946,914.1960932957141,38.96107871745874,96,80.8,0.422,0.407,0.34,moderate,Manipur,Churachandpur
24.31953995257531,93.66624802909124,875.3253808789804,46.015762642212394,167,106.1,0.517,0.59,0.844,critical,Manipur,Churachandpur
24.307209939268947,93.689251000151,949.3349377254652,37.44834126031243,133,5.7,0.419,0.364,0.381,moderate,Manipur,Churachandpur
24.341954508647195,93.69563531948432,981.8148569308825,38.113987965654495,82,54.2,0.543,0.481,0.702,high,Manipur,Churachandpur
24.32178790374187,93.6547559421113,936.0058534252887,43.02849227474176,21,44.2,0.281,0.833,0.375,moderate,Manipur,Churachandpur
24.340915252390623,93.71260776489576,845.0837401629024,28.083452121798715,75,89.2,0.392,0.416,0.596,high,Manipur,Churachandpur
24.350073395653965,93.67273738863582,886.9731564030358,40.01026803278331,234,23.9,0.534,0.616,0.511,high,Manipur,Churachandpur
24.30335944406385,93.68115643463608,884.9649559054296,50.2047215676712,293,65.7,0.362,0.735,0.453,moderate,Manipur,Churachandpur
24.327037172691696,93.69078591808575,900.823087434297,40.18832325096116,347,23.2,0.167,0.504,0.151,low,Manipur,Churachandpur
24.323891866342397,93.685433880027,982.3616784943365,42.42677793760508,298,25.6,0.359,0.316,0.548,high,Manipur,Churachandpur
24.36587443721689,93.7020142941725,859.3807877169759,28.72510167641231,262,-1.6,0.357,0.561,0.292,moderate,Manipur,Churachandpur
24.360030506224184,93.69272702865503,851.5435695796414,44.76082857512721,218,22.6,0.507,0.407,0.379,moderate,Manipur,Churachandpur
24.372526506816378,93.6767667961997,983.7532956479498,44.2190703753001,227,30.2,0.506,0.52,0.546,high,Manipur,Churachandpur
24.32631528869662,93.64019832959217,908.069893100219,34.87573925557344,300,48.3,0.245,0.466,0.466,moderate,Manipur,Churachandpur
24.314348258109753,93.67963793723763,976.0215930925747,37.27485450660106,192,36.4,0.352,0.403,0.73,high,Manipur,Churachandpur
24.302636126093873,93.67168526316485,915.8938500349839,37.28802419347754,95,76.2,0.481,0.683,0.473,moderate,Manipur,Churachandpur
24.323685627906322,93.70762943353434,833.0039406798463,40.304080170378775,114,62.3,0.292,0.271,0.513,high,Manipur,Churachandpur
24.343622717462186,93.66297388682023,854.9709893059169,31.307173544415456,213,52.1,0.402,0.52,0.727,high,Manipur,Churachandpur
24.334352829399464,93.65928707255932,981.4362722491499,38.75969317598985,185,78.1,0.695,0.528,0.569,high,Manipur,Churachandpur
24.30175898388417,93.68711754448292,958.8002600116495,44.09161031858941,294,16.2,0.306,0.693,0.266,moderate,Manipur,Churachandpur
24.302368102281342,93.68995129652447,904.7033461577715,41.287129659747166,184,73.1,0.413,0.477,0.499,moderate,Manipur,Churachandpur
24.286073218568895,93.67381723631846,830.0495739892708,39.25798460944572,93,-7.9,0.56,0.473,0.46,moderate,Manipur,Churachandpur
24.316593381052126,93.71782522012631,927.2677965604107,36.21442492998768,357,53.7,0.198,0.616,0.508,high,Manipur,Churachandpur
24.356289513079126,93.68445646059881,874.7868331263229,44.122939310115,174,44.9,0.338,0.305,0.383,moderate,Manipur,Churachandpur
24.349663898843673,93.65146413165033,843.6484662722345,37.244501597167016,269,65.7,0.357,0.586,0.606,high,Manipur,Churachandpur
24.293551633072436,93.70459414707989,934.7206698315296,41.773391942489425,8,76.9,0.205,0.47,0.321,moderate,Manipur,Churachandpur
24.352964884794037,93.6652615780273,918.9016777922799,35.44163231983423,155,24.3,0.417,0.37,0.581,high,Manipur,Churachandpur
24.341173795274393,93.69368086176942,933.6352862146738,41.87160606393413,40,104.2,0.449,0.601,0.778,critical,Manipur,Churachandpur
24.311056586027608,93.68459855622376,919.2704073244441,41.218506721663495,337,4.7,0.516,0.572,0.414,moderate,Manipur,Churachandpur
24.359348788509212,93.69450181573512,917.4961611101003,31.271550874813798,308,39.6,0.396,0.634,0.492,moderate,Manipur,Churachandpur
24.3647543417351,93.70338391569607,1028.8509813718395,35.64429910752678,178,67.9,0.71,0.606,0.648,high,Manipur,Churachandpur
24.324678466479153,93.68226792020779,950.938024891466,32.310991557229,270,14.7,0.636,0.59,0.308,moderate,Manipur,Churachandpur
23.67464458716321,92.70513669636325,1108.2403630958984,46.01636356800129,258,54.0,0.496,0.486,0.744,high,Mizoram,Aizawl
23.72269488288993,92.70914892525947,1151.6059472877228,31.847202915726115,217,70.2,0.263,0.519,0.455,moderate,Mizoram,Aizawl
23.733997037350996,92.72437806529386,1135.6832075748932,50.38948847398919,360,54.8,0.505,0.879,0.685,high,Mizoram,Aizawl
23.710542205352777,92.73223817972428,1073.3877543797173,36.40738356347669,227,38.6,0.633,0.702,0.565,high,Mizoram,Aizawl
23.753483994922266,92.6843576538184,1118.269564559278,32.80778240098517,188,54.6,0.552,0.708,0.513,high,Mizoram,Aizawl
23.69997302252985,92.72872502778291,1103.9419033837678,45.41604022322816,205,97.1,0.894,0.479,0.702,high,Mizoram,Aizawl
23.736395344594907,92.73419148083923,1090.5118356486082,47.17311549839469,206,22.0,0.011,0.533,0.156,low,Mizoram,Aizawl
23.721094427575544,92.69187848276967,1067.303442002759,52.73497161855718,329,91.0,0.6,0.531,0.543,high,Mizoram,Aizawl
23.750963748078576,92.7157253826796,1113.0933791963853,48.40037021656883,62,76.4,0.351,0.366,0.348,moderate,Mizoram,Aizawl
23.732441807484367,92.72146074865489,1148.4715651243278,47.129428140106285,91,49.8,0.576,0.494,0.501,high,Mizoram,Aizawl
23.73366239636256,92.72214064847532,1080.8639103683377,35.458846745485914,238,16.5,0.552,0.67,0.565,high,Mizoram,Aizawl
23.70510719361338,92.75057478487358,961.7940898494805,40.43493200459697,16,63.1,0.611,0.433,0.584,high,Mizoram,Aizawl
23.740122967851512,92.70033972475603,1110.4023297613505,44.69927807191913,337,111.7,0.382,0.67,0.681,high,Mizoram,Aizawl
23.748154121998944,92.74132697645608,1056.0081850680147,44.18950335983998,345,66.3,0.302,0.502,0.405,moderate,Mizoram,Aizawl
23.716319870632443,92.71315412116834,1116.722859373253,45.341349234640674,302,12.0,0.411,0.386,0.414,moderate,Mizoram,Aizawl
23.72505201582736,92.72191813920725,1171.4252032121665,46.66352799670942,178,90.9,0.362,0.301,0.818,critical,Mizoram,Aizawl
23.71163409644631,92.73201895083974,1131.4562940891667,43.73936860984198,28,64.5,0.215,0.57,0.35,moderate,Mizoram,Aizawl
23.7333253405338,92.71367059050218,1064.651409830371,48.270603950422775,10,38.0,0.304,0.43,0.36,moderate,Mizoram,Aizawl
23.706275742101194,92.71566322977621,1135.8545221494962,44.71995415546709,11,42.0,0.39,0.464,0.402,moderate,Mizoram,Aizawl
23.7303907491338,92.70902621616078,1059.4873425227906,39.967195113385934,257,79.1,0.387,0.399,0.653,high,Mizoram,Aizawl
23.740279713170768,92.71503668877601,990.8986001580744,33.83638617962404,38,66.8,0.194,0.613,0.558,high,Mizoram,Aizawl
23.747376517287236,92.71711931390793,1092.4382842651182,52.146475949546584,47,70.0,0.243,0.539,0.539,high,Mizoram,Aizawl
23.704599364512625,92.70762242504662,1038.5725088410254,46.04224788848019,39,42.1,0.207,0.45,0.411,moderate,Mizoram,Aizawl
23.714154929775066,92.71428081529692,1022.7585099364247,48.03370357101789,232,35.3,0.296,0.603,0.343,moderate,Mizoram,Aizawl
23.71431503310943,92.71629217845401,1006.475968859576,44.03678975900344,239,32.1,0.234,0.705,0.319,moderate,Mizoram,Aizawl
23.766036789697548,92.69179006965005,1077.4275083416583,42.261811622815664,102,45.2,0.612,0.656,0.339,moderate,Mizoram,Aizawl
23.72045662678825,92.73792633540532,1040.6310526339278,52.553466830737975,32,38.8,0.464,0.684,0.599,high,Mizoram,Aizawl
23.74333601489831,92.74339268739392,1083.2124386806504,47.67681509392606,76,11.3,0.184,0.537,0.462,moderate,Mizoram,Aizawl
23.707185673120744,92.70974067716604,1071.7160658925536,42.90498784141662,81,58.0,0.505,0.628,0.429,moderate,Mizoram,Aizawl
23.69979090334333,92.70859259063904,1157.255468881995,46.099513671181,10,49.0,0.436,0.58,0.423,moderate,Mizoram,Aizawl
23.773000887881768,92.7369792980739,1139.4702910846092,39.492232872089694,46,110.1,0.509,0.501,0.723,high,Mizoram,Aizawl
23.70584705154506,92.70743989808584,1133.6427067095956,49.078299754732654,297,4.2,0.573,0.611,0.375,moderate,Mizoram,Aizawl
23.727864518830117,92.72778600702233,1095.582576189632,39.811629233850084,299,116.0,0.292,0.546,0.818,critical,Mizoram,Aizawl
23.72899799772293,92.72691482490417,1088.957618737237,47.90455929526684,209,45.6,0.129,0.537,0.204,low,Mizoram,Aizawl
23.743649232364007,92.7120742385729,1012.7593704494134,47.49119110181876,142,48.9,0.6,0.405,0.557,high,Mizoram,Aizawl
23.728889551306192,92.71388018019022,1146.7465862344993,42.58732692616367,339,101.2,0.158,0.395,0.689,high,Mizoram,Aizawl
23.726730605799407,92.73730703130231,1030.1074186404678,38.04946644187659,350,53.0,0.352,0.744,0.402,moderate,Mizoram,Aizawl
23.743958607300662,92.7068698391977,1118.0448077799156,43.470556899042414,46,93.4,0.609,0.643,0.541,high,Mizoram,Aizawl
23.738593820737727,92.7357686485161,1042.53225497368,52.34225889098792,329,96.5,0.302,0.463,0.77,critical,Mizoram,Aizawl
23.748113840485438,92.70935560527539,998.0753859429026,48.98774106336135,216,43.4,0.422,0.737,0.333,moderate,Mizoram,Aizawl
23.708489114092473,92.71685887814795,1006.5983163127717,38.51649345212309,167,89.7,0.206,0.655,0.391,moderate,Mizoram,Aizawl
23.702899631082254,92.69177844092503,1113.1964927521906,47.81790446249298,321,43.2,0.41,0.753,0.513,high,Mizoram,Aizawl
23.719345884449275,92.68432335307418,1064.3740043210757,41.87238901980188,304,36.6,0.585,0.637,0.549,high,Mizoram,Aizawl
23.725653905363405,92.70212330050236,1044.153270590179,35.3509264714837,144,29.1,0.155,0.478,0.519,high,Mizoram,Aizawl
23.76616401405869,92.70346872118976,1099.4136278385286,56.006740419451106,285,59.8,0.547,0.677,0.721,high,Mizoram,Aizawl
23.737028668836714,92.74706132965896,1104.7341660746538,48.41699089089907,219,24.6,0.232,0.888,0.231,low,Mizoram,Aizawl
23.724024241238382,92.7162172188793,994.9820482760206,42.60753811398268,232,36.2,0.35,0.638,0.437,moderate,Mizoram,Aizawl
23.76166282536774,92.70541415692963,1071.5819948851629,52.24012798225458,195,66.3,0.245,0.566,0.566,high,Mizoram,Aizawl
23.720914588334985,92.74703281215177,1035.358234351663,46.51552077575534,74,90.4,0.616,0.154,0.47,moderate,Mizoram,Aizawl
23.72737952287646,92.74404751768226,1067.2606346544205,42.30913413122964,240,130.7,0.474,0.565,0.783,critical,Mizoram,Aizawl
23.719929980793946,92.68702820707172,1076.6452654538266,40.16746390098663,48,67.8,0.498,0.47,0.419,moderate,Mizoram,Aizawl
23.710455814317612,92.73925306616228,1037.0250789561494,36.08995782793677,23,40.8,0.383,0.704,0.414,moderate,Mizoram,Aizawl
23.72204241821708,92.70822496203823,1091.293159178601,43.09205021259577,91,85.5,0.406,0.247,0.789,critical,Mizoram,Aizawl
23.73890804333734,92.73048216948354,1052.852883547102,43.47464539352144,59,47.7,0.577,0.829,0.415,moderate,Mizoram,Aizawl
23.723438971583395,92.73615713221525,982.2934599887925,48.59127232985039,134,17.8,0.783,0.146,0.553,high,Mizoram,Aizawl
23.740703418456377,92.70672569649075,1164.8783689145773,43.710038699859986,77,11.5,0.235,0.539,0.476,moderate,Mizoram,Aizawl
23.72960865004143,92.72381261787852,1102.9867814403028,49.14619761419626,83,-13.8,0.284,0.444,0.277,moderate,Mizoram,Aizawl
23.74526661683038,92.7223608448229,1065.3307223977633,38.42802405323154,252,41.2,0.245,0.893,0.409,moderate,Mizoram,Aizawl
23.731786873034455,92.73326599601718,1122.3557395946975,36.83327388583091,139,86.4,0.555,0.633,0.669,high,Mizoram,Aizawl
23.761218439046658,92.71848464018736,1127.5328183047134,54.195668746717956,126,9.2,0.314,0.674,0.731,high,Mizoram,Aizawl
23.7144595522173,92.69015247498996,1027.4326332919343,48.12164079107234,54,55.2,0.176,0.576,0.447,moderate,Mizoram,Aizawl
23.715255764821308,92.69905533821755,1144.5102831111067,42.13465790787336,2,59.0,0.326,0.797,0.569,high,Mizoram,Aizawl
23.805690966925045,92.69064727074615,1154.4412434159576,39.06839573485565,66,45.7,0.439,0.432,0.434,moderate,Mizoram,Aizawl
23.73429863298973,92.72021903651277,1126.7832075783813,42.54143813481977,204,52.3,0.446,0.468,0.452,moderate,Mizoram,Aizawl
23.740653405438966,92.71935651157204,1041.2132135970328,47.2706603571491,331,49.3,0.511,0.57,0.418,moderate,Mizoram,Aizawl
23.6940835484357,92.73254287212997,1051.9792363137503,51.06409650438221,67,50.7,0.181,0.677,0.524,high,Mizoram,Aizawl
23.708430704574912,92.72426279534956,1072.154961402894,50.726195219233944,46,41.5,0.452,0.483,0.549,high,Mizoram,Aizawl
23.721963225247524,92.7201761014666,1049.5859843009578,48.67831494383379,114,52.2,0.126,0.429,0.391,moderate,Mizoram,Aizawl
23.72205905597128,92.71091016418337,1060.0941946336054,44.402857548703246,244,21.5,0.21,0.716,0.336,moderate,Mizoram,Aizawl
23.727278771742903,92.73873021682806,1022.5025316639017,41.35871253332769,23,23.1,0.811,0.499,0.455,moderate,Mizoram,Aizawl
23.720309329546534,92.68162146784147,1039.174192769854,49.23209702541136,257,14.3,0.385,0.407,0.497,moderate,Mizoram,Aizawl
23.730455006497,92.71252103974004,1012.5000059052414,47.92062306565584,160,99.0,0.425,0.294,0.668,high,Mizoram,Aizawl
23.722165621293865,92.76954113846837,1102.2341761230002,41.672036140670784,94,21.8,0.314,0.449,0.313,moderate,Mizoram,Aizawl
23.723621360355175,92.71913661243383,1073.5358604791654,44.50184056698108,335,125.1,0.601,0.537,0.84,critical,Mizoram,Aizawl
23.708575065081988,92.70380225770832,980.6996876670364,34.849730355704565,184,4.4,0.433,0.815,0.197,low,Mizoram,Aizawl
23.736283418138502,92.72323833668436,1113.434430142691,52.57051518752337,356,21.9,0.041,0.427,0.222,low,Mizoram,Aizawl
23.714494475466743,92.70030949415673,1017.9530251093794,37.71216544654753,97,108.4,0.345,0.605,0.739,high,Mizoram,Aizawl
23.75920183876659,92.74642880319445,1076.1769662547904,38.58546701380848,248,94.1,0.532,0.644,0.688,high,Mizoram,Aizawl
23.692756389254367,92.70158898452637,1085.9680003574201,44.19774240694731,322,-8.5,0.453,0.463,0.367,moderate,Mizoram,Aizawl
23.698565032897744,92.70222390157375,1093.7328678934161,43.99159879694697,204,68.4,0.27,0.399,0.584,high,Mizoram,Aizawl
23.736514277274054,92.69646325454819,1066.3621725954217,38.024078746786614,216,10.0,0.417,0.377,0.343,moderate,Mizoram,Aizawl
23.734751030011928,92.7112006160468,1028.3029414355717,38.977802932605144,229,16.2,0.312,0.526,0.56,high,Mizoram,Aizawl
23.719017132199816,92.72968085682088,1100.717725127424,54.75133054046661,173,48.0,0.371,0.527,0.555,high,Mizoram,Aizawl
23.750893602064743,92.69613280902098,1039.9107092318873,47.300754358197004,344,101.8,0.261,0.513,0.469,moderate,Mizoram,Aizawl
23.734255852646324,92.72919956372316,1072.271642411447,42.022764796846296,247,33.7,0.284,0.157,0.529,high,Mizoram,Aizawl
23.672039653292163,92.74970461725194,1068.6621321842179,47.23492925685092,24,63.8,0.473,0.496,0.518,high,Mizoram,Aizawl
23.745150769941766,92.75287023855432,989.3544158949894,43.80183013161009,172,78.3,0.399,0.535,0.707,high,Mizoram,Aizawl
23.726203756826823,92.73582092715951,1070.5061198410885,45.22012454084055,285,12.3,0.488,0.628,0.482,moderate,Mizoram,Aizawl
23.71192676063185,92.69020993260928,1128.0614638316615,41.61290695616401,234,48.1,0.485,0.484,0.407,moderate,Mizoram,Aizawl
23.696576388136346,92.69245964853869,1131.5638381261158,47.83960071148602,259,99.0,0.341,0.808,0.532,high,Mizoram,Aizawl
23.7362682319749,92.73146836154456,1024.5912314121879,46.13288746188864,50,83.4,0.53,0.777,0.409,moderate,Mizoram,Aizawl
23.742840437991198,92.76807627411864,1080.6925105053876,43.429322600076794,242,66.1,0.518,0.582,0.505,high,Mizoram,Aizawl
23.72767579332131,92.69869225537686,1065.4040483605293,41.53212729288764,271,30.7,0.549,0.675,0.527,high,Mizoram,Aizawl
23.7084406737928,92.72955547045876,1133.3653508867603,36.88220675613342,185,31.0,0.451,0.6,0.368,moderate,Mizoram,Aizawl
23.71954926995841,92.71677365649745,1053.3048206952058,48.30728652034633,84,80.4,0.344,0.58,0.388,moderate,Mizoram,Aizawl
23.742342385199613,92.73884546122179,1218.5326186878308,42.04907416880966,338,22.5,0.46,0.88,0.475,moderate,Mizoram,Aizawl
23.714723569868305,92.67885561176291,1072.2863464132377,39.73072958387322,176,107.2,0.117,0.277,0.685,high,Mizoram,Aizawl
23.720419480873634,92.69690903139083,1097.4415117897431,50.02226823410798,316,74.3,0.406,0.218,0.543,high,Mizoram,Aizawl
23.71615649953238,92.72508698558462,1075.6335849255647,45.3011106385274,171,23.2,0.211,0.749,0.275,moderate,Mizoram,Aizawl
23.713683332113025,92.71408408693907,1036.853515268385,43.68301737286776,174,13.2,0.552,0.682,0.36,moderate,Mizoram,Aizawl
22.887576110965778,92.74183862779908,732.1741105456119,30.04121343465914,258,50.8,0.312,0.814,0.44,moderate,Mizoram,Lunglei
22.896182509178338,92.75495525116857,704.9550002126066,35.902679172298875,152,58.1,0.434,0.403,0.589,high,Mizoram,Lunglei
22.899296407346682,92.72360782236949,694.0579390947942,26.513874396327203,340,47.2,0.393,0.492,0.512,high,Mizoram,Lunglei
22.90687045768206,92.7190710284011,682.9335697801463,31.006405177725266,266,10.5,0.358,0.478,0.437,moderate,Mizoram,Lunglei
22.903927551971154,92.72834042660203,751.8673401988516,42.192160525009456,210,48.9,0.329,0.452,0.438,moderate,Mizoram,Lunglei
22.881885727621718,92.75637226586653,654.2967429235769,36.906160226565,265,59.4,0.426,0.68,0.389,moderate,Mizoram,Lunglei
22.930560874578262,92.74933008513351,796.7880922570819,35.38819491899405,213,61.0,0.101,0.366,0.36,moderate,Mizoram,Lunglei
22.921466443789726,92.77268320471346,736.3692209086869,36.10212111924362,108,57.5,0.325,0.715,0.547,high,Mizoram,Lunglei
22.90886429324247,92.74524920809698,734.4945967893682,36.064891066604055,189,42.6,0.411,0.656,0.534,high,Mizoram,Lunglei
22.916975134146902,92.74904120507023,631.8473379313807,38.78159396770917,72,42.3,0.381,0.633,0.503,high,Mizoram,Lunglei
22.897343964524623,92.762438406421,719.7902392003855,37.67757698658528,280,56.6,0.247,0.668,0.389,moderate,Mizoram,Lunglei
22.860668320631707,92.73275503888408,731.1119618163251,32.431807309087276,310,14.8,0.647,0.38,0.511,high,Mizoram,Lunglei
22.894354097172048,92.74014191012418,717.001522584507,35.858038037812086,319,61.0,0.461,0.384,0.374,moderate,Mizoram,Lunglei
22.851287395156366,92.73716776607668,782.8824103668535,32.8007865997665,330,34.2,0.268,0.566,0.491,moderate,Mizoram,Lunglei
22.902325376806985,92.73296741001221,676.0175001545933,32.31804840620076,43,65.3,0.448,0.759,0.492,moderate,Mizoram,Lunglei
22.88828127324894,92.74446359123401,614.6495558039603,39.61192853621075,61,64.7,0.595,0.506,0.509,high,Mizoram,Lunglei
22.910315869588896,92.78618968639837,754.8889321574052,32.41883194397782,43,29.9,0.245,0.667,0.349,moderate,Mizoram,Lunglei
22.902807308149637,92.74669099591534,672.2306832223754,39.99566072723683,270,64.4,0.208,0.513,0.463,moderate,Mizoram,Lunglei
22.905486546170035,92.75971173239554,719.243929241469,40.16550527767426,157,40.5,0.505,0.602,0.478,moderate,Mizoram,Lunglei
22.913198083651725,92.77872746860439,713.2241825039407,40.17696844332066,72,93.2,0.333,0.906,0.581,high,Mizoram,Lunglei
22.909753287458575,92.75927101859753,720.8902612728799,31.35996600713075,252,27.3,0.469,0.35,0.572,high,Mizoram,Lunglei
22.88943245869187,92.7730803196558,731.1005016772027,38.48416068132466,324,14.5,0.39,0.663,0.342,moderate,Mizoram,Lunglei
22.8931798231345,92.73659436809028,637.4341554455907,35.044579327828366,155,56.4,0.711,0.504,0.786,critical,Mizoram,Lunglei
22.902273786275227,92.73915135343233,690.6304702634832,37.23726253412595,125,20.3,0.332,0.651,0.271,moderate,Mizoram,Lunglei
22.92235734612246,92.7501406259122,739.7619785277927,34.37145619872416,85,19.4,0.363,0.69,0.311,moderate,Mizoram,Lunglei
22.910428011963656,92.73345057961998,677.9243700771221,43.68402635148395,299,119.9,0.401,0.349,0.626,high,Mizoram,Lunglei
22.90784787755987,92.75368903000202,690.0064987119804,29.069800772081656,284,63.2,0.297,0.648,0.552,high,Mizoram,Lunglei
22.913335488472526,92.71069318995752,786.8681328970758,35.611967122521854,231,111.6,0.398,0.593,0.684,high,Mizoram,Lunglei
22.917258588760443,92.74545212269668,742.9757515875818,36.62201784349188,1,43.6,0.619,0.505,0.548,high,Mizoram,Lunglei
22.870993393051673,92.73939390841225,670.1756593486729,38.34564293972021,41,47.8,0.391,0.642,0.439,moderate,Mizoram,Lunglei
22.9147201726744,92.72403527975729,698.1013510729944,33.87998375066576,192,60.1,0.189,0.583,0.437,moderate,Mizoram,Lunglei
22.899149696257552,92.74754018691756,605.8894274811033,40.7249569600624,227,63.2,0.275,0.663,0.594,high,Mizoram,Lunglei
22.896693173895198,92.73738508284623,748.3375395687749,31.59353044123109,113,99.4,0.415,0.562,0.401,moderate,Mizoram,Lunglei
22.925863224943775,92.7323061484667,728.399056796269,41.19495803868513,326,53.5,0.574,0.471,0.562,high,Mizoram,Lunglei
22.872169884645086,92.7406110536642,650.6356333674227,34.961679358838595,289,1.9,0.584,0.391,0.358,moderate,Mizoram,Lunglei
22.935959978912518,92.73405183232356,779.2375566997563,32.507069470494,140,68.0,0.578,0.548,0.471,moderate,Mizoram,Lunglei
22.885052882672408,92.7468613322207,668.8770182850532,35.971587370459375,218,66.1,0.611,0.78,0.495,moderate,Mizoram,Lunglei
22.8405346058254,92.77682799019126,708.6416397160021,45.46382633519527,238,4.6,0.122,0.886,0.347,moderate,Mizoram,Lunglei
22.942838145359513,92.76302116372091,677.3032008116705,37.11830159996527,200,13.8,0.405,0.781,0.4,moderate,Mizoram,Lunglei
22.895642756851373,92.69488313291673,702.5434043527046,38.905819224234875,127,54.2,0.458,0.519,0.464,moderate,Mizoram,Lunglei
22.920945168856722,92.75370608721364,808.3050979228882,39.34313127023434,171,58.8,0.527,0.744,0.528,high,Mizoram,Lunglei
22.918403240825636,92.71774393173904,683.5271589022927,37.54680462912173,37,62.2,0.305,0.176,0.535,high,Mizoram,Lunglei
22.892561353058287,92.74597518500468,732.0863457486332,38.48457712912002,160,56.7,0.194,0.569,0.282,moderate,Mizoram,Lunglei
22.902170268699162,92.74364646029355,679.1916857648365,34.59201870945606,52,85.6,0.253,0.561,0.457,moderate,Mizoram,Lunglei
22.92752350410639,92.76891559556968,727.164626472451,44.726680281922846,337,33.1,0.228,0.509,0.481,moderate,Mizoram,Lunglei
22.89327083640769,92.7436641091585,676.2424607044333,31.903375919706367,13,26.5,0.284,0.395,0.42,moderate,Mizoram,Lunglei
22.893818251597803,92.74578893806309,728.0409586746568,34.81988984862755,293,24.3,0.438,0.575,0.448,moderate,Mizoram,Lunglei
22.8906957846172,92.74116867879836,729.73705490617,39.14257094385833,65,75.1,0.527,0.444,0.628,high,Mizoram,Lunglei
22.88439206987398,92.7885771467455,724.5042136500923,35.21236824560832,158,37.9,0.549,0.793,0.39,moderate,Mizoram,Lunglei
22.893873367728723,92.74065047578563,727.3206429351706,47.21833988339345,286,30.2,0.325,0.728,0.356,moderate,Mizoram,Lunglei
22.929441413919424,92.73092438316584,679.6130294009283,44.22887490566728,355,69.8,0.278,0.584,0.526,high,Mizoram,Lunglei
22.88344971482431,92.7427022185566,706.305981055424,42.24801916330835,53,38.0,0.243,0.446,0.223,low,Mizoram,Lunglei
22.914204536602462,92.75033002208444,728.6447070777332,44.939046212975974,122,-0.8,0.475,0.652,0.373,moderate,Mizoram,Lunglei
22.88561659820747,92.76421953290365,722.67227597336,37.48425325737953,5,-0.9,0.431,0.658,0.178,low,Mizoram,Lunglei
22.909087082009574,92.77494655505525,721.4599425215824,36.50883384705004,15,56.6,0.417,0.643,0.513,high,Mizoram,Lunglei
22.917765414763895,92.78448248728945,720.8373551022987,41.30151711029477,90,57.7,0.516,0.573,0.564,high,Mizoram,Lunglei
22.874507203395936,92.77426611954286,809.9046668141796,45.53022855389469,156,86.3,0.125,0.774,0.466,moderate,Mizoram,Lunglei
22.86468346797787,92.74396727777008,681.8719940885445,34.27230477221703,33,22.3,0.439,0.486,0.454,moderate,Mizoram,Lunglei
22.86984809698678,92.74374503073325,698.0622852866046,42.82213567435727,325,95.7,0.61,0.616,0.625,high,Mizoram,Lunglei
22.865561077515522,92.7421955122027,712.2427688768101,39.46107435092036,143,50.3,0.446,0.478,0.425,moderate,Mizoram,Lunglei
22.90208791712714,92.75797313710171,647.4539987965945,39.35239057661132,33,90.9,0.19,0.856,0.419,moderate,Mizoram,Lunglei
22.882971593867133,92.76718618034764,754.0622910238608,45.121933824437534,269,64.7,0.529,0.735,0.376,moderate,Mizoram,Lunglei
22.863369789498215,92.77628215183421,708.2024637543363,37.31243651376211,112,33.7,0.176,0.431,0.388,moderate,Mizoram,Lunglei
22.88266015785016,92.75883195465973,772.9199191833152,46.02431324558623,130,76.0,0.299,0.56,0.552,high,Mizoram,Lunglei
22.884219798418304,92.77127366004163,651.9918764070442,39.5088096710201,218,34.7,0.375,0.691,0.456,moderate,Mizoram,Lunglei
22.899355051502507,92.7544279902753,683.3180212797298,39.4075120453689,38,19.6,0.448,0.432,0.498,moderate,Mizoram,Lunglei
22.878244955214154,92.72243792610038,740.3816403947859,36.98727676044382,36,42.1,0.448,0.649,0.335,moderate,Mizoram,Lunglei
22.899995086830977,92.78307350428794,731.1958159297602,28.40271670509788,97,25.9,0.545,0.437,0.573,high,Mizoram,Lunglei
22.89717926028863,92.70595612044744,762.1249141564442,38.2260902531153,177,20.9,-0.108,0.801,0.264,moderate,Mizoram,Lunglei
22.887331024213683,92.7312802163481,635.651299249764,37.328323253960036,76,56.3,0.251,0.386,0.524,high,Mizoram,Lunglei
22.902715443049086,92.77645901674784,666.8090204529339,36.17456126507518,236,64.3,0.319,0.533,0.398,moderate,Mizoram,Lunglei
22.919429846851287,92.74257841126493,629.2752922381211,41.67932155553635,15,43.1,0.454,0.64,0.352,moderate,Mizoram,Lunglei
22.936405503700822,92.75221722696149,743.021815796231,34.06779102037393,214,22.2,0.539,0.799,0.571,high,Mizoram,Lunglei
22.891838994497352,92.7753131811793,708.3417433372173,37.47292658679982,71,5.2,0.513,0.569,0.229,low,Mizoram,Lunglei
22.878168359791964,92.73350023615005,813.8679029104946,27.611474164254,104,92.1,0.705,0.448,0.73,high,Mizoram,Lunglei
22.875692175606865,92.79498848564714,692.6263425176265,34.73296758740361,87,60.3,0.383,0.421,0.555,high,Mizoram,Lunglei
22.887175349105945,92.75091910329199,836.343058872831,43.42931290815901,145,80.2,0.516,0.775,0.543,high,Mizoram,Lunglei
22.897977784084464,92.75219031771404,669.1221403827138,47.71635869054013,200,56.8,0.52,0.387,0.488,moderate,Mizoram,Lunglei
22.945247129898387,92.77086369088931,737.5324184973578,36.028869670655624,105,58.0,0.461,0.383,0.47,moderate,Mizoram,Lunglei
22.884643616924276,92.74216442227215,743.1270209926934,45.59780033647385,234,29.7,0.658,0.505,0.416,moderate,Mizoram,Lunglei
22.87072742734543,92.77148295665721,611.6434718116252,36.223973889409365,251,49.4,0.418,0.584,0.478,moderate,Mizoram,Lunglei
22.916189212052608,92.73498649662423,695.7821482182956,30.4957604519343,152,11.9,0.449,0.54,0.303,moderate,Mizoram,Lunglei
22.911876133341906,92.7750653861976,675.1454751553752,40.039641623112644,337,6.7,0.577,0.641,0.307,moderate,Mizoram,Lunglei
22.902616612151846,92.79035662869516,709.5333199022848,44.95404499544655,149,65.8,0.578,0.266,0.696,high,Mizoram,Lunglei
22.917294395351576,92.73883106723258,721.8926186650616,35.46508001923745,188,44.4,0.352,0.502,0.222,low,Mizoram,Lunglei
22.88545207473012,92.75463249868817,664.3534372912058,37.78785704291736,37,62.5,0.433,0.564,0.393,moderate,Mizoram,Lunglei
22.889393008653318,92.75777365062264,756.9148675045492,38.89298808145076,69,21.1,0.228,0.416,0.394,moderate,Mizoram,Lunglei
22.885785849318225,92.74553621542773,746.1438236700131,37.15087025990522,142,26.8,0.621,0.494,0.458,moderate,Mizoram,Lunglei
22.893226030440886,92.7737926942714,704.448525874311,39.272609598481004,5,60.0,0.323,0.619,0.454,moderate,Mizoram,Lunglei
22.929287985380196,92.75643945856933,736.2962411224413,45.550029982610525,325,42.4,0.322,0.484,0.481,moderate,Mizoram,Lunglei
22.886725578370573,92.76089495908602,724.5757461214258,38.15639065491823,193,66.2,0.201,0.483,0.242,low,Mizoram,Lunglei
22.91757424619835,92.76136890460789,765.2381148556387,37.6951370445914,98,57.4,0.057,0.472,0.457,moderate,Mizoram,Lunglei
22.915099966831207,92.72460777130685,717.561228429017,36.5197815544907,262,45.4,0.351,0.615,0.414,moderate,Mizoram,Lunglei
22.906650170429423,92.77408246031922,743.526531923037,37.05005682475518,109,70.8,0.484,0.46,0.494,moderate,Mizoram,Lunglei
22.91379504185435,92.75104047388115,733.6804057583482,45.19514373286896,142,70.9,0.482,0.768,0.501,high,Mizoram,Lunglei
22.891398946508694,92.7756280285752,743.0403794955149,37.75445661231468,274,33.1,0.284,0.646,0.413,moderate,Mizoram,Lunglei
22.91466413995311,92.75993137204914,686.2484163640636,34.36603888808661,355,67.4,0.072,0.446,0.398,moderate,Mizoram,Lunglei
22.929351979682735,92.74592068032611,728.5993768071162,38.38836445873667,299,62.5,0.469,0.567,0.336,moderate,Mizoram,Lunglei
22.899079879330447,92.74686025115415,803.5938896221382,39.12084823391947,63,15.9,0.457,0.541,0.277,moderate,Mizoram,Lunglei
22.91801793338321,92.75712372491921,711.7200873556466,40.74567721445269,104,32.3,0.629,0.559,0.321,moderate,Mizoram,Lunglei
25.540363534369813,91.90748649056988,1519.0542253148033,33.2651171348351,20,36.1,0.314,0.481,0.116,low,Meghalaya,East Khasi Hills
25.617120772587242,91.89904731850598,1471.798395731266,33.24915944729461,276,-32.0,0.346,0.476,0.216,low,Meghalaya,East Khasi Hills
25.574101566007517,91.87991327285792,1532.3023191708294,25.64601814081326,93,113.2,0.512,0.819,0.558,high,Meghalaya,East Khasi Hills
25.588834111629556,91.91983708083818,1511.2906608341875,32.62463408438635,46,46.9,0.406,0.589,0.413,moderate,Meghalaya,East Khasi Hills
25.55774130739505,91.8923169026154,1460.695479516964,30.615047388496485,101,67.5,0.568,0.578,0.45,moderate,Meghalaya,East Khasi Hills
25.551869390775046,91.90237485861891,1478.063239479117,38.63570050430207,40,50.6,0.493,0.551,0.551,high,Meghalaya,East Khasi Hills
25.55454821877758,91.90610219820705,1463.4010085868135,31.182318287448485,246,77.0,0.357,0.428,0.585,high,Meghalaya,East Khasi Hills
25.602493830737163,91.88056975128814,1536.1810716345137,36.59718698305696,131,79.2,0.418,0.704,0.362,moderate,Meghalaya,East Khasi Hills
25.56092324110159,91.89546207178306,1482.7735866637272,26.780075185403096,97,31.3,0.487,0.51,0.559,high,Meghalaya,East Khasi Hills
25.561681190312864,91.9050039942681,1425.060105021909,35.060187071259655,196,109.6,0.408,0.532,0.476,moderate,Meghalaya,East Khasi Hills
25.62259435471611,91.90420104235582,1441.613421629218,34.27526078967444,99,7.1,0.414,0.419,0.326,moderate,Meghalaya,East Khasi Hills
25.56055322092787,91.91889206733454,1458.3092841873586,26.406315971603828,29,56.1,0.025,0.583,0.218,low,Meghalaya,East Khasi Hills
25.614573734596,91.90118024226567,1438.9118023477395,24.49397868114362,357,10.0,0.122,0.54,0.241,low,Meghalaya,East Khasi Hills
25.587864111830125,91.90535133734618,1425.0449468268732,26.51669587964129,82,41.4,0.327,0.266,0.298,moderate,Meghalaya,East Khasi Hills
25.55753781826608,91.90922925419262,1539.1292725186024,26.477295773565437,96,101.4,0.42,0.344,0.401,moderate,Meghalaya,East Khasi Hills
25.554112438667953,91.89319966668157,1540.2684335708432,25.660075318158817,210,62.9,0.337,0.344,0.551,high,Meghalaya,East Khasi Hills
25.546710528488337,91.87755159518657,1505.5441190541928,26.359621708124823,107,51.1,0.059,0.599,0.343,moderate,Meghalaya,East Khasi Hills
25.579255469500993,91.89227218318051,1559.8795427867394,33.27978521271704,268,77.3,0.336,0.392,0.782,critical,Meghalaya,East Khasi Hills
25.582979503419292,91.90319620439017,1431.1207057639842,30.501704057068046,56,28.6,0.462,0.465,0.454,moderate,Meghalaya,East Khasi Hills
25.592643353921737,91.92407783435351,1483.667412185441,40.76466447331583,209,-2.4,0.484,0.571,0.391,moderate,Meghalaya,East Khasi Hills
25.58622421200156,91.89736994888956,1502.9118159498385,31.286025377290326,15,-11.7,0.521,0.715,0.424,moderate,Meghalaya,East Khasi Hills
25.609761851031568,91.90579703581541,1556.01290458507,30.299947223306205,21,20.6,0.312,0.518,0.336,moderate,Meghalaya,East Khasi Hills
25.612541675686476,91.89051576895119,1541.5422647677235,27.65827379901554,172,79.9,0.504,0.754,0.516,high,Meghalaya,East Khasi Hills
25.57290196733532,91.90687713593643,1457.571421951579,33.85978354491844,312,28.5,0.317,0.493,0.312,moderate,Meghalaya,East Khasi Hills
25.548964851585147,91.90157910344617,1473.7770786072394,19.66472818056154,71,76.3,0.45,0.517,0.556,high,Meghalaya,East Khasi Hills
25.57893676800171,91.87818151394536,1417.3242101985963,32.26491965592294,243,65.2,0.412,0.188,0.471,moderate,Meghalaya,East Khasi Hills
25.595277337555725,91.8870071172564,1422.1864666326962,22.426162822286866,166,6.1,0.379,0.764,0.339,moderate,Meghalaya,East Khasi Hills
25.583847600181826,91.87549269320074,1600.509363296577,25.550943879538785,243,40.4,0.302,0.305,0.451,moderate,Meghalaya,East Khasi Hills
25.575214500909148,91.90597876486068,1527.6828311239942,34.743856145784164,292,109.0,0.376,0.752,0.451,moderate,Meghalaya,East Khasi Hills
25.611079240365775,91.91296651223978,1637.6057811245196,29.657227218063795,239,60.4,0.167,0.723,0.43,moderate,Meghalaya,East Khasi Hills
25.579588061197875,91.90707026308306,1491.5002935095679,22.659665991128396,45,66.1,0.542,0.715,0.591,high,Meghalaya,East Khasi Hills
25.569704722573434,91.91074191153602,1474.892068498887,37.82423670462786,340,124.9,0.692,0.889,0.666,high,Meghalaya,East Khasi Hills
25.547398642023627,91.88637551319047,1554.656019810498,34.12841399553321,114,-13.3,0.447,0.608,0.364,moderate,Meghalaya,East Khasi Hills
25.556033364718072,91.91549863843147,1485.6938077254306,25.11639069491003,328,96.5,0.294,0.376,0.454,moderate,Meghalaya,East Khasi Hills
25.577852812373823,91.909858868463,1524.8817540923878,32.93707796984798,303,67.1,0.019,0.449,0.446,moderate,Meghalaya,East Khasi Hills
25.60881371515559,91.85375683028518,1487.4337269374405,29.865324422592597,31,95.8,0.305,0.657,0.575,high,Meghalaya,East Khasi Hills
25.58356526157388,91.85787435589516,1513.7760842290345,28.95199702327764,339,33.6,0.348,0.43,0.486,moderate,Meghalaya,East Khasi Hills
25.567958588412353,91.89603987701146,1579.203473682193,26.654232614223393,255,32.9,0.337,0.402,0.493,moderate,Meghalaya,East Khasi Hills
25.600681537128793,91.86283278767696,1532.9055212232686,30.94049694690551,257,42.8,0.323,0.498,0.587,high,Meghalaya,East Khasi Hills
25.541580453533456,91.89841049618205,1412.0038091008255,30.24386077700899,192,65.4,0.395,0.785,0.453,moderate,Meghalaya,East Khasi Hills
25.605782312437302,91.85519882031504,1502.7242095898348,38.05725177586567,91,101.0,0.499,0.687,0.688,high,Meghalaya,East Khasi Hills
25.588837375150533,91.88713835885993,1539.44499101335,30.67412063292843,216,80.1,0.211,0.466,0.655,high,Meghalaya,East Khasi Hills
25.562733783512094,91.8904601540461,1479.1099284103275,26.89107107322541,280,10.0,-0.011,0.557,0.187,low,Meghalaya,East Khasi Hills
25.592008538585063,91.85666372950007,1476.1085784031357,24.647277399988223,83,37.5,0.449,0.553,0.302,moderate,Meghalaya,East Khasi Hills
25.587835839508394,91.92827900046042,1514.3019451529237,36.83830612953447,185,21.3,0.325,0.232,0.432,moderate,Meghalaya,East Khasi Hills
25.6082067488087,91.93252021052932,1403.8972292560327,34.24425381117243,28,44.1,0.206,0.355,0.149,low,Meghalaya,East Khasi Hills
25.607561880531676,91.88971733158698,1379.881426792342,22.67784819627805,321,116.8,0.63,0.571,0.657,high,Meghalaya,East Khasi Hills
25.570045619217815,91.9187703960869,1528.695547294494,37.30687415864275,354,46.1,0.289,0.661,0.477,moderate,Meghalaya,East Khasi Hills
25.58695405229254,91.87544907455727,1453.4350785739657,25.99000242461133,5,94.6,0.388,0.692,0.582,high,Meghalaya,East Khasi Hills
25.574491057968384,91.89303573976524,1431.539214875068,27.114053239817505,140,59.1,0.443,0.328,0.509,high,Meghalaya,East Khasi Hills
25.6099530140732,91.89329103337447,1482.2605977698736,32.46801513376017,166,45.4,0.337,0.427,0.386,moderate,Meghalaya,East Khasi Hills
25.580337114711508,91.88961320719817,1431.8077411939175,27.86105648457872,271,110.5,0.528,0.577,0.532,high,Meghalaya,East Khasi Hills
25.581364574784185,91.8833292483031,1492.4377838120404,17.017571764516504,60,13.8,0.413,0.346,0.32,moderate,Meghalaya,East Khasi Hills
25.58199848428153,91.88356297508047,1513.4462322929992,32.45983988082258,82,67.1,0.584,0.631,0.627,high,Meghalaya,East Khasi Hills
25.59073157402446,91.9051892351913,1519.9946661678466,29.354747690933003,336,69.7,0.461,0.551,0.459,moderate,Meghalaya,East Khasi Hills
25.58480506377602,91.86457706107181,1428.2936583384526,32.22505676213207,355,75.4,0.4,0.721,0.443,moderate,Meghalaya,East Khasi Hills
25.548345047731743,91.89127049749682,1482.105488792912,28.709604572803865,18,24.6,0.704,0.755,0.436,moderate,Meghalaya,East Khasi Hills
25.567622402418433,91.8849466112632,1473.4037250270364,32.030309061999766,318,59.6,0.517,0.737,0.255,moderate,Meghalaya,East Khasi Hills
25.59023521084994,91.91217804056537,1560.6383988946732,27.443842328422047,355,16.6,0.489,0.535,0.546,high,Meghalaya,East Khasi Hills
25.559496178266553,91.87191868188502,1475.7340260247106,23.72071250972821,331,62.6,0.479,0.468,0.441,moderate,Meghalaya,East Khasi Hills
25.600102092233623,91.89228857630482,1557.1208383374837,31.102460202957744,39,67.5,0.215,0.474,0.483,moderate,Meghalaya,East Khasi Hills
25.574671080997827,91.90088282535964,1563.031147140558,25.316583207735434,74,45.3,0.583,0.488,0.389,moderate,Meghalaya,East Khasi Hills
25.59793633018978,91.88949648277764,1580.06922024676,36.986732280966,89,64.6,0.321,0.696,0.454,moderate,Meghalaya,East Khasi Hills
25.594088402168044,91.9037660713803,1453.4128248278084,28.217349314019792,138,-10.4,0.349,0.319,0.246,low,Meghalaya,East Khasi Hills
25.564651713898797,91.90507001376251,1482.8300237811711,16.90086542606295,272,0.1,0.2,0.723,0.505,high,Meghalaya,East Khasi Hills
25.577066263271355,91.92371978097428,1473.2350122546377,22.874502029347298,73,-8.8,0.301,0.385,0.406,moderate,Meghalaya,East Khasi Hills
25.609758171422758,91.88829692906026,1490.382318956662,36.84930346398871,234,14.6,0.569,0.778,0.442,moderate,Meghalaya,East Khasi Hills
25.57538633348576,91.9141545300313,1586.389670486692,26.30066589181911,117,85.8,0.801,0.603,0.483,moderate,Meghalaya,East Khasi Hills
25.57546129531803,91.90132653117398,1561.0267731888416,33.87426683652663,47,29.9,0.679,0.695,0.417,moderate,Meghalaya,East Khasi Hills
25.538105079980916,91.89512930442767,1541.0406972797946,28.76329810007862,260,55.2,0.444,0.542,0.343,moderate,Meghalaya,East Khasi Hills
25.567850091891763,91.87120409221826,1495.9270620473583,30.59041352781217,97,64.8,0.367,0.322,0.497,moderate,Meghalaya,East Khasi Hills
25.578768774171724,91.8783330498141,1481.5102845688803,17.754924239428846,270,92.1,0.268,0.498,0.361,moderate,Meghalaya,East Khasi Hills
25.609556423886083,91.87887085425285,1515.503702100002,28.23848168242595,187,46.4,0.36,0.464,0.462,moderate,Meghalaya,East Khasi Hills
25.56478152274039,91.90661507958005,1573.8966091555244,37.23258323832126,127,69.2,0.248,0.7,0.412,moderate,Meghalaya,East Khasi Hills
25.563202535545802,91.89496003642195,1560.6130434095592,30.09913713473895,201,78.7,0.145,0.628,0.384,moderate,Meghalaya,East Khasi Hills
25.58126065262413,91.88852477614321,1422.5171818779154,31.59516241636422,249,55.2,0.525,0.747,0.407,moderate,Meghalaya,East Khasi Hills
25.593305254886808,91.90487071573875,1481.2608223933476,25.00498374868625,4,53.1,0.406,0.428,0.49,moderate,Meghalaya,East Khasi Hills
25.584649374481643,91.90175886999118,1461.0078494891534,30.22978337109499,336,78.1,0.504,0.705,0.572,high,Meghalaya,East Khasi Hills
25.59812466810566,91.87775680233173,1471.5954400515836,44.960378761378465,336,50.0,0.569,0.449,0.561,high,Meghalaya,East Khasi Hills
25.553172669987713,91.92458236564391,1500.3147080008225,33.073337363300894,20,59.5,0.325,0.453,0.548,high,Meghalaya,East Khasi Hills
25.55433121108634,91.85120141615332,1628.1103845165385,26.42605899974701,60,70.9,0.517,0.531,0.539,high,Meghalaya,East Khasi Hills
25.56338256219603,91.92361128038338,1533.4757222020999,26.007234121125197,199,16.6,0.49,0.623,0.243,low,Meghalaya,East Khasi Hills
25.576951439974707,91.8960526701084,1483.4549836964793,28.502078907184238,175,101.2,0.677,0.571,0.555,high,Meghalaya,East Khasi Hills
25.577129876340134,91.90143591021706,1427.4643253680897,32.993162148627746,261,13.4,0.487,0.721,0.382,moderate,Meghalaya,East Khasi Hills
25.569812467997078,91.86506336455624,1438.8535673549002,32.43986499342765,52,59.4,0.512,0.638,0.534,high,Meghalaya,East Khasi Hills
25.55495713401975,91.87791627415058,1493.4407096053476,32.641370135959356,19,39.3,0.231,0.747,0.659,high,Meghalaya,East Khasi Hills
25.59123863650166,91.93129240406415,1445.435115928678,34.16637749577008,358,47.1,0.497,0.567,0.476,moderate,Meghalaya,East Khasi Hills
25.550115401749466,91.89151998071284,1476.751345257063,33.73211168593621,143,35.4,0.319,0.462,0.511,high,Meghalaya,East Khasi Hills
25.57907229277537,91.89389557875565,1466.4976976881728,26.27437967876143,146,94.3,0.317,0.556,0.733,high,Meghalaya,East Khasi Hills
25.59682033869655,91.88723483715593,1482.43958565684,32.12692109185123,6,-14.6,0.457,0.627,0.362,moderate,Meghalaya,East Khasi Hills
25.590942239846424,91.86265203458996,1432.2335578542577,26.389232273106856,121,29.0,0.165,0.647,0.42,moderate,Meghalaya,East Khasi Hills
25.601282026858993,91.91738772736682,1538.3420146605738,34.55991405306663,335,37.9,0.317,0.316,0.571,high,Meghalaya,East Khasi Hills
25.604748656937915,91.88336754316438,1471.981310021026,35.37539261088227,103,58.1,0.31,0.486,0.469,moderate,Meghalaya,East Khasi Hills
25.568727148390604,91.85236125409284,1495.6825879324922,20.34361314324019,286,33.1,0.382,0.658,0.476,moderate,Meghalaya,East Khasi Hills
25.58514464336865,91.88932089294532,1388.9398203585658,35.638460618079996,257,112.9,0.35,0.324,0.639,high,Meghalaya,East Khasi Hills
25.566481753316236,91.94171010301301,1614.36725153213,34.995906233040024,97,54.6,0.312,0.491,0.706,high,Meghalaya,East Khasi Hills
25.590639567550763,91.89115987479326,1490.2251284208317,25.07687905503932,199,48.2,0.249,0.429,0.243,low,Meghalaya,East Khasi Hills
25.585006551767947,91.9235648702493,1554.135476045368,23.912878296616142,233,30.6,0.47,0.586,0.475,moderate,Meghalaya,East Khasi Hills
25.57425753562701,91.9084495375728,1516.0902096384486,32.4225197678951,273,2.1,0.394,0.534,0.55,high,Meghalaya,East Khasi Hills
25.59305159921055,91.88629020601222,1508.10379234438,23.061601488994754,127,50.6,0.442,0.736,0.607,high,Meghalaya,East Khasi Hills
25.24781130643591,91.6947575280874,1375.3779033003327,43.79354164183489,281,70.6,0.393,0.712,0.582,high,Meghalaya,East Khasi Hills
25.311728060549033,91.73180627298095,1476.7642186558267,33.30625879119817,143,48.6,0.48,0.651,0.415,moderate,Meghalaya,East Khasi Hills
25.28993622922041,91.7001141838339,1494.9229513081455,38.1308730180104,195,85.6,0.759,0.145,0.58,high,Meghalaya,East Khasi Hills
25.28967765552957,91.75519507963895,1414.8091894636373,36.01580613784289,322,71.8,0.361,0.407,0.415,moderate,Meghalaya,East Khasi Hills
25.280952648365005,91.71543171483589,1448.1185067343172,31.720957725386384,92,67.8,0.166,0.611,0.504,high,Meghalaya,East Khasi Hills
25.295625131246002,91.73000411048767,1421.3833822402466,37.22165069735394,90,-3.4,0.47,0.637,0.476,moderate,Meghalaya,East Khasi Hills
25.264078323979064,91.7442319147192,1398.9280443393952,28.988049731071747,269,68.8,0.192,0.582,0.506,high,Meghalaya,East Khasi Hills
25.276596777014525,91.74083215017589,1523.8659889360943,33.80120723303465,22,82.5,0.59,0.619,0.561,high,Meghalaya,East Khasi Hills
25.255061346461815,91.71362007774772,1518.4060615774117,33.522538012412085,277,84.7,0.59,0.511,0.808,critical,Meghalaya,East Khasi Hills
25.258265276395473,91.73755646388373,1401.9656927895358,34.022724743466284,169,47.6,0.264,0.523,0.367,moderate,Meghalaya,East Khasi Hills
25.279813397091512,91.73327936795478,1490.2781080589486,34.73178397327044,52,27.8,0.415,0.436,0.41,moderate,Meghalaya,East Khasi Hills
25.304671654049123,91.7375715636264,1473.865011312151,38.83283970978227,115,-6.9,0.379,0.758,0.494,moderate,Meghalaya,East Khasi Hills
25.302764381748702,91.72091338511872,1465.5964640916495,32.79328714626745,144,90.2,0.292,0.458,0.383,moderate,Meghalaya,East Khasi Hills
25.321039815662594,91.7138887079552,1405.1986898147923,31.088503944010014,271,24.1,0.562,0.8,0.571,high,Meghalaya,East Khasi Hills
25.273028726505977,91.70855183663254,1406.4862896783582,42.92996767254705,138,40.4,0.482,0.267,0.583,high,Meghalaya,East Khasi Hills
25.28188087872058,91.72666233172052,1546.2749758928683,33.15918553747518,76,88.2,0.289,0.8,0.416,moderate,Meghalaya,East Khasi Hills
25.299678706058273,91.68202618242702,1439.6824430760987,30.748941309288128,218,52.9,0.317,0.648,0.528,high,Meghalaya,East Khasi Hills
25.291986412939227,91.75234189743405,1407.848882477323,37.760366131080616,355,73.5,0.37,0.96,0.636,high,Meghalaya,East Khasi Hills
25.326168829708013,91.7188540234603,1383.125745796352,37.228482721699216,275,90.1,0.365,0.497,0.499,moderate,Meghalaya,East Khasi Hills
25.265514885582892,91.72420297350031,1362.1291151657404,29.38584238556006,112,13.8,0.361,0.614,0.286,moderate,Meghalaya,East Khasi Hills
25.309221794495134,91.7371507707382,1538.659496483684,30.03590643627226,30,43.6,0.295,1.029,0.386,moderate,Meghalaya,East Khasi Hills
25.298030503573123,91.75145922838324,1462.3181276992323,27.55502440139961,215,74.1,0.325,0.702,0.339,moderate,Meghalaya,East Khasi Hills
25.31412317752342,91.72702970950316,1421.7045642026874,33.804280108487106,217,52.7,0.681,0.627,0.534,high,Meghalaya,East Khasi Hills
25.304914449731626,91.69991380975303,1476.8166796846158,33.89873940680994,40,17.7,0.568,0.519,0.4,moderate,Meghalaya,East Khasi Hills
25.28597900628715,91.71197680854718,1468.9906613231292,37.71994419096314,153,50.1,0.424,0.626,0.368,moderate,Meghalaya,East Khasi Hills
25.29348079979577,91.73520532960988,1496.6750216912938,35.63988956330655,309,2.8,0.445,0.347,0.446,moderate,Meghalaya,East Khasi Hills
25.26637875323138,91.69743613086054,1341.3412853704167,29.861103881131363,292,50.3,0.223,0.833,0.411,moderate,Meghalaya,East Khasi Hills
25.30773789507154,91.73031855653655,1455.605540407291,32.64257369855834,108,2.8,0.397,0.472,0.401,moderate,Meghalaya,East Khasi Hills
25.310753168023716,91.73030228311315,1497.921273360396,36.5803745038277,244,41.7,0.43,0.333,0.589,high,Meghalaya,East Khasi Hills
25.29328829367679,91.70715659889915,1438.1515516507834,35.25221122363393,39,33.4,0.598,0.592,0.411,moderate,Meghalaya,East Khasi Hills
25.288745136868503,91.7424994463277,1431.761010823505,33.72171577584985,158,16.1,0.598,0.493,0.503,high,Meghalaya,East Khasi Hills
25.306166161591193,91.7476347770459,1570.914526344985,37.08190230440046,247,57.7,0.493,0.65,0.454,moderate,Meghalaya,East Khasi Hills
25.273680760079557,91.7471701913908,1403.5941398424345,34.96614671280573,200,75.0,0.437,0.568,0.513,high,Meghalaya,East Khasi Hills
25.25632964983141,91.75249742957308,1503.0921886155006,38.381152666705646,76,37.7,-0.0,0.53,0.316,moderate,Meghalaya,East Khasi Hills
25.29533343842867,91.73716190534745,1421.6514886775765,31.154906354193937,320,102.9,0.44,0.251,0.634,high,Meghalaya,East Khasi Hills
25.264421612068407,91.70618396236698,1498.26824546854,43.915420465332886,264,89.8,0.532,0.754,0.427,moderate,Meghalaya,East Khasi Hills
25.27376515808346,91.737837088583,1412.2628287300622,39.75957891596333,220,91.1,0.39,0.296,0.542,high,Meghalaya,East Khasi Hills
25.31112476185059,91.73388651061288,1492.4458320812791,31.313402374922276,254,95.9,0.459,0.505,0.502,high,Meghalaya,East Khasi Hills
25.30785720232654,91.70797271553371,1476.4743519313483,29.401382298196182,232,54.3,0.415,0.563,0.386,moderate,Meghalaya,East Khasi Hills
25.27815005659842,91.7409459437881,1467.0012466886355,40.75993013364476,132,22.7,0.722,0.614,0.534,high,Meghalaya,East Khasi Hills
25.325935565253406,91.71265023675387,1486.9626452831997,31.97559673936976,186,132.8,0.364,0.563,0.511,high,Meghalaya,East Khasi Hills
25.296975699465488,91.74825245581347,1499.1643987162822,22.800126135339454,191,69.2,0.282,0.758,0.281,moderate,Meghalaya,East Khasi Hills
25.289697877331403,91.73407535143625,1446.96728792745,32.757776120925875,125,76.8,0.478,0.258,0.623,high,Meghalaya,East Khasi Hills
25.265328414259944,91.75268183273859,1451.56540621777,30.177168157821225,236,38.0,0.217,0.59,0.436,moderate,Meghalaya,East Khasi Hills
25.28779987182707,91.72565719692493,1440.158372667426,35.16842364453884,203,36.5,0.279,0.368,0.453,moderate,Meghalaya,East Khasi Hills
25.306878519693566,91.73388343384963,1413.2085429674148,27.567266296414104,142,52.3,0.301,0.488,0.529,high,Meghalaya,East Khasi Hills
25.289697160454374,91.75964024330419,1516.006346617427,32.34000916109905,31,13.9,0.453,0.63,0.374,moderate,Meghalaya,East Khasi Hills
25.321749133598324,91.74781457464988,1502.527568675119,30.775992173359043,138,76.2,0.345,0.396,0.566,high,Meghalaya,East Khasi Hills
25.31924522800356,91.7543848155242,1380.2457275306213,34.5676449525999,109,49.8,0.493,0.625,0.534,high,Meghalaya,East Khasi Hills
25.298714589166277,91.72379723674769,1430.5982404108902,30.002557861835403,178,38.8,0.298,0.582,0.377,moderate,Meghalaya,East Khasi Hills
25.304731732352252,91.72980258610167,1485.432868812656,29.607754007354156,5,82.1,0.339,0.294,0.5,high,Meghalaya,East Khasi Hills
25.27395329127202,91.72910780603318,1382.1243620726877,25.01238235213912,162,-8.9,0.281,0.626,0.464,moderate,Meghalaya,East Khasi Hills
25.269436524754003,91.76680260836658,1412.0438689234331,29.532903382420074,1,113.6,0.428,0.711,0.531,high,Meghalaya,East Khasi Hills
25.266907639336697,91.71426140108952,1510.5779285292735,34.88028920497421,96,121.7,0.373,0.683,0.475,moderate,Meghalaya,East Khasi Hills
25.25527439114554,91.77467206471414,1494.543561469423,31.841936593783373,7,16.9,0.491,0.623,0.49,moderate,Meghalaya,East Khasi Hills
25.288140147166306,91.72503221214214,1243.4937549954655,33.10187448122999,211,30.4,0.504,0.509,0.528,high,Meghalaya,East Khasi Hills
25.284728350016945,91.7246322364475,1453.7663860099624,37.723975791148185,90,26.4,0.475,0.374,0.415,moderate,Meghalaya,East Khasi Hills
25.267553002456776,91.70893851147267,1378.2147374187748,27.192117554573382,50,33.1,0.371,0.437,0.465,moderate,Meghalaya,East Khasi Hills
25.268465423846482,91.72066340689278,1346.5579661963754,33.188515074636435,278,104.3,0.392,0.723,0.639,high,Meghalaya,East Khasi Hills
25.278615388195544,91.75464317097249,1439.3368676649866,38.426118205854415,195,76.3,0.495,0.516,0.524,high,Meghalaya,East Khasi Hills
25.28986257872026,91.71290434639668,1490.2550924322268,29.06867500698218,202,94.5,0.595,0.683,0.548,high,Meghalaya,East Khasi Hills
25.295201388959047,91.72364030158415,1476.9888126300407,25.437493745959376,212,79.0,0.407,0.57,0.6,high,Meghalaya,East Khasi Hills
25.318682127975663,91.7402052610972,1462.6588381897488,27.90838111117207,307,48.7,0.388,0.583,0.439,moderate,Meghalaya,East Khasi Hills
25.265079327734398,91.72756170852074,1392.7683608898437,29.66450079329301,26,42.5,0.484,0.407,0.431,moderate,Meghalaya,East Khasi Hills
25.296030502568243,91.73264802156655,1479.7332005911896,29.582148319296497,223,62.5,0.213,0.697,0.537,high,Meghalaya,East Khasi Hills
25.266134046619108,91.72512668170263,1438.5163279649748,21.886077585402376,283,55.6,0.634,0.603,0.55,high,Meghalaya,East Khasi Hills
25.31800064019331,91.73688376804387,1469.6954613871003,38.689681968092835,278,64.3,0.511,0.578,0.522,high,Meghalaya,East Khasi Hills
25.298799746114568,91.7504837305727,1398.0949700466865,29.53755991108781,122,60.7,0.371,0.367,0.606,high,Meghalaya,East Khasi Hills
25.278419836090507,91.69851811425129,1402.0030357118667,35.69246704662834,26,37.8,0.313,0.649,0.59,high,Meghalaya,East Khasi Hills
25.275592513412253,91.72993114329506,1364.899115629574,34.709592401966816,54,39.0,0.746,0.401,0.421,moderate,Meghalaya,East Khasi Hills
25.30854018930206,91.6978100805869,1436.011905046226,35.22349442406466,11,64.7,0.491,0.575,0.543,high,Meghalaya,East Khasi Hills
25.247009654379013,91.75465363231338,1393.4233292048734,28.926518475701755,82,20.3,0.489,0.477,0.378,moderate,Meghalaya,East Khasi Hills
25.279837304992686,91.73125968528765,1587.4517729135391,30.599005597998303,247,51.8,0.419,0.634,0.577,high,Meghalaya,East Khasi Hills
25.283512023173373,91.74458006960131,1381.30937819615,29.168442574974996,265,90.6,0.394,0.732,0.527,high,Meghalaya,East Khasi Hills
25.287472503478334,91.75183452075122,1445.231942884818,40.92025785916874,64,32.8,0.394,0.6,0.384,moderate,Meghalaya,East Khasi Hills
25.267967007394706,91.72909038029103,1428.2334791951835,27.15123291858567,262,46.2,0.571,0.683,0.448,moderate,Meghalaya,East Khasi Hills
25.30184260599521,91.70821924993487,1452.6349647813036,32.4471168233856,300,114.0,0.288,0.55,0.633,high,Meghalaya,East Khasi Hills
25.29936312244248,91.72030239145269,1428.31204030568,23.803087530528522,318,29.9,0.647,0.716,0.421,moderate,Meghalaya,East Khasi Hills
25.31344244717358,91.71225855509886,1330.3228319323553,36.2800683309691,261,73.0,0.492,0.593,0.61,high,Meghalaya,East Khasi Hills
25.30720830422968,91.72685561215674,1410.1928582564149,34.47152311918171,165,49.4,0.554,0.306,0.391,moderate,Meghalaya,East Khasi Hills
25.27605078698495,91.74248145223746,1427.259045234836,33.63941889466978,352,32.6,0.441,0.553,0.504,high,Meghalaya,East Khasi Hills
25.304460650745614,91.71913859749873,1378.9364782119042,37.46827167480717,269,76.7,0.409,0.289,0.581,high,Meghalaya,East Khasi Hills
25.294333445948872,91.70648506129675,1365.557825186631,29.76996197354808,349,57.8,0.588,0.474,0.286,moderate,Meghalaya,East Khasi Hills
25.29144428613202,91.71217552947653,1482.1927653570772,32.68018085514938,63,51.0,0.269,0.508,0.502,high,Meghalaya,East Khasi Hills
25.28756061596175,91.73490556365095,1443.6023313616226,26.595125711788178,2,11.1,0.459,0.457,0.365,moderate,Meghalaya,East Khasi Hills
25.31928952314758,91.70716658189036,1499.7754447627087,34.750474580463376,35,70.9,0.335,0.633,0.397,moderate,Meghalaya,East Khasi Hills
25.276250350400254,91.75120792800665,1505.696165417834,37.14702539267278,252,-5.5,0.453,0.441,0.415,moderate,Meghalaya,East Khasi Hills
25.314172769894604,91.69185356374146,1464.9769536903184,36.34348197238347,316,27.2,0.303,0.495,0.298,moderate,Meghalaya,East Khasi Hills
25.32352735827829,91.73278669801019,1424.2304954391027,29.464699690093415,45,67.1,0.464,0.587,0.456,moderate,Meghalaya,East Khasi Hills
25.33034545402714,91.73134387378528,1456.1879622904887,30.1406183455121,22,73.4,0.702,0.33,0.749,high,Meghalaya,East Khasi Hills
25.25601117944848,91.71059032030128,1426.1870307275306,36.031747867145235,70,105.8,0.633,0.669,0.648,high,Meghalaya,East Khasi Hills
25.250150587700194,91.71474718367644,1486.3673160060252,28.654702646775633,342,36.9,0.362,0.514,0.483,moderate,Meghalaya,East Khasi Hills
25.30123471929413,91.73178994703285,1425.7091250663157,29.448365592160524,135,76.4,0.528,0.355,0.49,moderate,Meghalaya,East Khasi Hills
25.285182265765894,91.76323441479632,1477.553865806784,26.937595618622595,38,54.8,0.165,0.378,0.593,high,Meghalaya,East Khasi Hills
25.28918496599402,91.72267290545166,1457.0903356653682,35.08868562821962,302,60.4,0.391,0.654,0.476,moderate,Meghalaya,East Khasi Hills
25.27627686445995,91.70619641278431,1443.624297434023,31.069384837899413,66,52.6,0.22,0.41,0.666,high,Meghalaya,East Khasi Hills
25.249119602086218,91.73145912081782,1445.3322165916525,36.73156144932626,84,55.6,0.54,0.848,0.439,moderate,Meghalaya,East Khasi Hills
25.274562009384006,91.73671297091316,1437.0392218266893,33.583820444444704,235,21.2,0.06,0.488,0.321,moderate,Meghalaya,East Khasi Hills
25.27932897263315,91.77993081223646,1475.8950454484095,35.678026830668834,77,52.8,0.433,0.463,0.389,moderate,Meghalaya,East Khasi Hills
25.279460394871432,91.73903399062566,1345.1509944229053,40.71847023669239,99,24.6,0.496,0.469,0.531,high,Meghalaya,East Khasi Hills
25.492693107585488,90.22085508717988,619.7814462504007,22.454769615840988,56,41.7,0.546,0.397,0.362,moderate,Meghalaya,West Garo Hills
25.522451900973177,90.2237110152319,660.2510784536294,35.88167192697493,207,51.9,0.449,0.665,0.422,moderate,Meghalaya,West Garo Hills
25.51244552152258,90.23348422245762,660.2873830576011,24.494547106389575,147,39.2,0.444,0.519,0.188,low,Meghalaya,West Garo Hills
25.537348112055234,90.20472240053411,643.2991252950211,19.239415131365796,352,43.2,0.281,0.646,0.357,moderate,Meghalaya,West Garo Hills
25.52294392763359,90.21349062083466,706.5457739381596,29.453420693602293,171,51.9,0.53,0.638,0.451,moderate,Meghalaya,West Garo Hills
25.514180221752095,90.21720844716364,616.0801389695872,33.538831539465434,0,130.5,0.453,0.617,0.526,high,Meghalaya,West Garo Hills
25.458390949059044,90.19498960713416,681.1867943626406,23.753648359006334,85,27.4,0.408,0.764,0.455,moderate,Meghalaya,West Garo Hills
25.50208907729843,90.23994603803922,612.8320146214845,34.06329368226099,339,51.6,0.141,0.769,0.438,moderate,Meghalaya,West Garo Hills
25.50356026756495,90.17917260827781,665.1353386382339,19.2563137596388,305,21.5,0.412,0.689,0.342,moderate,Meghalaya,West Garo Hills
25.52630069440278,90.23646911347552,679.7593575470032,44.737675948126295,182,26.3,0.412,0.337,0.361,moderate,Meghalaya,West Garo Hills
25.493036639086608,90.24552922988417,693.002634820149,40.677182157970066,327,27.5,0.402,0.527,0.091,low,Meghalaya,West Garo Hills
25.564384977373532,90.18907632190759,672.07685356932,26.822426572083252,347,68.7,0.475,0.418,0.378,moderate,Meghalaya,West Garo Hills
25.511864901808668,90.23282902861921,581.7227788981975,25.27337552566461,313,34.3,0.509,0.244,0.296,moderate,Meghalaya,West Garo Hills
25.508467962423868,90.22792432566798,764.3090725836942,29.599179770555175,75,88.3,0.586,0.307,0.469,moderate,Meghalaya,West Garo Hills
25.505276089338185,90.20539141949045,628.6493829950575,37.7097475408855,7,33.3,0.418,0.755,0.323,moderate,Meghalaya,West Garo Hills
25.511984851635713,90.22014756178145,593.2121276501891,36.587681403129295,25,29.9,0.43,0.585,0.319,moderate,Meghalaya,West Garo Hills
25.49663456276646,90.19049890197878,661.9147724915673,30.754082925502626,138,49.7,0.539,0.488,0.63,high,Meghalaya,West Garo Hills
25.51270378727784,90.224944831705,684.5066933671765,27.45329699649227,347,80.5,0.59,0.244,0.625,high,Meghalaya,West Garo Hills
25.512800978759206,90.23691795659663,626.0100050328514,34.97828230539792,347,29.5,0.281,0.617,0.322,moderate,Meghalaya,West Garo Hills
25.513997333947284,90.2407535866218,663.301648988522,33.05247482005138,152,88.5,0.21,0.714,0.556,high,Meghalaya,West Garo Hills
25.52924382053404,90.2049316833683,684.7835784671073,33.13061763239866,160,11.4,0.314,0.41,0.295,moderate,Meghalaya,West Garo Hills
25.464087816944737,90.23064656962023,542.8690685289545,31.65871774687721,13,4.4,0.395,0.462,0.392,moderate,Meghalaya,West Garo Hills
25.509179805703322,90.23411045578727,623.9869865462792,28.800094400614796,278,80.2,0.359,0.558,0.316,moderate,Meghalaya,West Garo Hills
25.534936687600723,90.24118436477413,567.462799981021,30.964667254850262,265,99.7,0.219,0.823,0.502,high,Meghalaya,West Garo Hills
25.503399860978078,90.20543328091368,683.9117472172089,31.380145884048776,246,40.3,0.412,0.816,0.422,moderate,Meghalaya,West Garo Hills
25.48229749224384,90.21784123374637,631.9463084163498,23.25096146507799,287,28.1,0.121,0.694,0.38,moderate,Meghalaya,West Garo Hills
25.524139636510004,90.20645200959216,593.8500330998263,42.95317551890214,3,47.9,0.225,0.587,0.508,high,Meghalaya,West Garo Hills
25.537566302709745,90.25376636752532,612.6113959253735,28.531906407057892,53,64.4,0.203,0.567,0.426,moderate,Meghalaya,West Garo Hills
25.528686297985143,90.23410931582475,742.0895473343546,27.99481506731531,279,-6.0,0.447,0.502,0.316,moderate,Meghalaya,West Garo Hills
25.522042278960242,90.22786205081579,677.3837223647689,29.374956285662456,336,47.3,0.606,0.346,0.513,high,Meghalaya,West Garo Hills
25.497590416713766,90.2220241682538,703.9204765169769,32.91857100761429,188,52.1,0.579,0.519,0.382,moderate,Meghalaya,West Garo Hills
25.495767893965606,90.23049124039166,704.4116570404053,29.96622498813271,288,35.2,0.27,0.527,0.304,moderate,Meghalaya,West Garo Hills
25.502058811320595,90.20189785484632,689.2152136041722,26.44544520909805,71,19.6,0.527,0.763,0.377,moderate,Meghalaya,West Garo Hills
25.489340663649426,90.25068191556382,603.6957457230474,28.906723613184145,268,2.9,0.448,0.479,0.604,high,Meghalaya,West Garo Hills
25.51049920742672,90.20213108937695,630.924985399731,20.4201697863287,142,41.7,0.434,0.472,0.323,moderate,Meghalaya,West Garo Hills
25.526240714185366,90.20052981892614,716.3480327430782,27.409549864723193,92,59.6,0.185,0.6,0.356,moderate,Meghalaya,West Garo Hills
25.52616424385889,90.23285968911634,694.4316252779988,27.715031011626408,316,-11.0,0.242,0.579,0.125,low,Meghalaya,West Garo Hills
25.517393950968152,90.24939395095375,574.5909737865827,29.02682222582496,165,55.4,0.351,0.79,0.409,moderate,Meghalaya,West Garo Hills
25.517603083925472,90.26274859092639,698.530006106347,38.378111796607875,215,55.3,-0.022,0.638,0.168,low,Meghalaya,West Garo Hills
25.513991175456034,90.19841201242895,600.2693128622116,34.01561363445312,15,59.5,0.375,0.55,0.444,moderate,Meghalaya,West Garo Hills
25.54005587377533,90.21817503041987,661.8480938306064,32.6258705309449,224,73.4,0.339,0.504,0.349,moderate,Meghalaya,West Garo Hills
25.479231574308642,90.21369993328284,659.4985097911251,29.56997441524763,342,40.7,0.303,0.542,0.259,moderate,Meghalaya,West Garo Hills
25.517956415960192,90.19438053355573,680.0723706671874,25.566894445838063,349,56.4,0.422,0.56,0.427,moderate,Meghalaya,West Garo Hills
25.526866859180057,90.19740998475794,604.0482382447456,29.765355320035383,316,41.7,0.073,0.44,0.24,low,Meghalaya,West Garo Hills
25.48530129995067,90.19113104313139,626.3427148682754,27.902122719608133,264,97.5,0.227,0.601,0.356,moderate,Meghalaya,West Garo Hills
25.507065664018352,90.23244263127745,755.2409423297429,24.880378431702052,128,45.5,0.472,0.575,0.54,high,Meghalaya,West Garo Hills
25.508140912412387,90.24402612558227,653.2620422441512,35.02986181869267,312,28.2,0.49,0.611,0.329,moderate,Meghalaya,West Garo Hills
25.531310773415655,90.2344816573764,683.9212319907717,27.06209644016602,15,19.7,0.4,0.767,0.374,moderate,Meghalaya,West Garo Hills
25.52658843249484,90.22492856534356,668.2119772319993,24.916134274025687,339,80.7,0.432,0.646,0.66,high,Meghalaya,West Garo Hills
25.48873349710022,90.20928113007378,696.2039590445244,21.18772439464249,177,59.2,0.372,0.279,0.45,moderate,Meghalaya,West Garo Hills
25.53614661576597,90.23228297070575,687.4975875649883,27.692452293933385,21,122.9,0.356,0.382,0.477,moderate,Meghalaya,West Garo Hills
25.479460662239696,90.22489517684704,675.6496606270512,26.481343800037955,28,77.9,0.507,0.572,0.569,high,Meghalaya,West Garo Hills
25.491962225755707,90.24085479483479,706.9931751000909,29.650781155523585,198,101.6,0.443,0.618,0.637,high,Meghalaya,West Garo Hills
25.527915507734722,90.23634913697131,763.5725562917958,20.43324472271643,188,54.6,0.17,0.407,0.425,moderate,Meghalaya,West Garo Hills
25.516380849292492,90.22155304467734,578.5943903290935,33.34091904171242,274,33.6,0.51,0.646,0.346,moderate,Meghalaya,West Garo Hills
25.51706147482867,90.21262492694933,672.0726394127523,31.255378815757496,22,-33.7,0.209,0.788,0.188,low,Meghalaya,West Garo Hills
25.527815276690184,90.23465931232055,609.8961854733169,22.887848791225842,39,34.0,0.587,0.96,0.142,low,Meghalaya,West Garo Hills
25.48634559447822,90.25476013442555,664.666192518165,36.76440641253019,187,50.0,0.588,0.306,0.47,moderate,Meghalaya,West Garo Hills
25.510598054782893,90.25075198863253,633.3440561540484,28.963937407940403,210,54.7,0.277,0.446,0.297,moderate,Meghalaya,West Garo Hills
25.54955918415374,90.26143977651878,660.0391199272357,37.167878962284114,107,38.5,0.199,0.531,0.407,moderate,Meghalaya,West Garo Hills
25.516013518539772,90.2414522012245,661.0126299123751,16.68271687764535,10,84.6,0.568,0.56,0.478,moderate,Meghalaya,West Garo Hills
25.517917344670927,90.2125651843749,637.5316088279204,35.744885973367936,253,42.1,0.4,0.524,0.486,moderate,Meghalaya,West Garo Hills
25.49267199020204,90.24019873538002,578.041556226398,27.51019241789631,16,79.3,0.417,0.45,0.499,moderate,Meghalaya,West Garo Hills
25.549437244181476,90.19185329235744,726.1760077307645,23.992716501172744,302,23.2,0.364,0.753,0.344,moderate,Meghalaya,West Garo Hills
25.537228755629563,90.19389857063456,725.2700528896754,25.374896760973108,55,51.5,0.435,0.518,0.278,moderate,Meghalaya,West Garo Hills
25.538701434812342,90.21858472849938,579.2600328932422,32.669849733772345,265,-19.9,0.278,0.663,0.193,low,Meghalaya,West Garo Hills
25.51722676580141,90.26354154401426,635.4788300610187,36.4344320590279,140,45.2,0.78,0.09,0.579,high,Meghalaya,West Garo Hills
25.492191537917083,90.23700407267778,602.6346891666348,34.6029136005168,334,69.5,0.458,0.419,0.442,moderate,Meghalaya,West Garo Hills
25.50723680614958,90.23414362342064,674.114630828736,34.02464310121382,225,65.2,0.209,0.688,0.472,moderate,Meghalaya,West Garo Hills
25.494783679572468,90.2128615200912,632.133780011963,28.02406815117186,312,58.2,0.402,0.415,0.543,high,Meghalaya,West Garo Hills
25.51754700118001,90.20490673721939,614.1003857690216,29.114423835188646,89,-20.4,0.282,0.442,0.277,moderate,Meghalaya,West Garo Hills
25.543491925787723,90.22727701687305,692.1558036587551,23.941254879704015,21,75.1,0.566,0.62,0.494,moderate,Meghalaya,West Garo Hills
25.51756209940566,90.21944229446191,704.6517069418956,20.95073049437092,276,29.6,0.364,0.995,0.217,low,Meghalaya,West Garo Hills
25.491551165291327,90.22827176886598,653.6282672736602,33.42481278884773,190,42.0,0.201,0.515,0.383,moderate,Meghalaya,West Garo Hills
25.51307694832059,90.22437626301254,613.016651308068,26.05736563286921,208,71.6,0.201,0.693,0.437,moderate,Meghalaya,West Garo Hills
25.532803470026618,90.22372887155768,642.7578985923374,31.7577503633715,302,73.2,0.313,0.667,0.39,moderate,Meghalaya,West Garo Hills
25.518593125120546,90.19662007524272,609.9709499503407,26.750445267830145,110,90.6,0.433,0.614,0.372,moderate,Meghalaya,West Garo Hills
25.516291610547288,90.19114159949154,771.2247513627666,25.492904221128835,114,21.3,0.537,0.503,0.33,moderate,Meghalaya,West Garo Hills
25.504134832350644,90.21753516886808,714.6232748312887,22.814241634451935,310,-46.3,0.19,0.383,0.066,low,Meghalaya,West Garo Hills
25.522569789944452,90.20571671277709,651.3996335667135,32.72892156967234,185,14.0,0.432,0.439,0.377,moderate,Meghalaya,West Garo Hills
25.466686396570125,90.23703143148134,632.800183750854,30.092658481745065,286,53.1,0.529,0.777,0.385,moderate,Meghalaya,West Garo Hills
25.494224619035965,90.22656747501864,565.1194318491052,25.048587192044323,64,-16.5,0.388,0.433,0.167,low,Meghalaya,West Garo Hills
25.500246717553278,90.19644052759296,662.9888641296434,24.61731996758647,60,70.1,0.349,0.739,0.333,moderate,Meghalaya,West Garo Hills
25.49085315809299,90.19452024902775,732.6686286906248,22.983645650713704,7,77.3,0.477,0.745,0.439,moderate,Meghalaya,West Garo Hills
25.504936033468486,90.22173729282986,714.6148532580874,22.07215778733866,12,65.6,0.535,0.573,0.302,moderate,Meghalaya,West Garo Hills
25.551782404512846,90.19880121545351,619.0670319494218,33.02073321280957,285,16.5,-0.023,0.753,0.379,moderate,Meghalaya,West Garo Hills
25.499810085811056,90.24343903538363,712.3679254772603,34.01412373164947,37,51.3,0.525,0.405,0.604,high,Meghalaya,West Garo Hills
25.47792185297846,90.23178425509428,636.0859765478447,34.52112576061361,68,48.0,0.26,0.404,0.417,moderate,Meghalaya,West Garo Hills
25.502524645414837,90.21932333630342,716.9668574225359,29.327774262493374,345,45.0,0.161,0.315,0.269,moderate,Meghalaya,West Garo Hills
25.47305029003264,90.19469994232226,684.4579025701903,31.402341351688214,174,32.7,0.282,0.384,0.406,moderate,Meghalaya,West Garo Hills
25.528744143514334,90.2128392563644,587.2121736484108,34.60119550487717,73,84.6,0.454,0.374,0.481,moderate,Meghalaya,West Garo Hills
25.499362618562678,90.22682752773933,681.5887925160254,26.018029268133088,177,119.8,0.494,0.73,0.434,moderate,Meghalaya,West Garo Hills
25.526401426388922,90.20911493225766,780.2737559161352,21.59024620143896,54,46.7,0.474,0.526,0.519,high,Meghalaya,West Garo Hills
25.53175442988329,90.19154764813888,756.3071712147015,30.845043023481548,276,89.5,0.298,0.615,0.508,high,Meghalaya,West Garo Hills
25.502893879102093,90.23189544592093,699.9237100640653,27.304027671465132,227,30.8,0.377,0.272,0.401,moderate,Meghalaya,West Garo Hills
25.503538605111963,90.18284217730648,600.0104637582137,30.820871251421867,134,-6.1,0.363,0.53,0.331,moderate,Meghalaya,West Garo Hills
25.549379490949324,90.21289081706642,648.7250095669144,25.455485711225386,38,63.9,0.442,0.51,0.589,high,Meghalaya,West Garo Hills
25.479462660826226,90.21720670294329,638.345697903898,24.811357940424752,19,33.4,0.558,0.515,0.544,high,Meghalaya,West Garo Hills
25.529988355440636,90.19530011175354,659.6772878091035,28.063072160849206,324,-13.6,0.542,0.586,0.216,low,Meghalaya,West Garo Hills
25.516456110970793,90.23296812609351,593.4516897621663,30.074467542748433,95,34.3,0.319,0.289,0.276,moderate,Meghalaya,West Garo Hills
25.696188533193585,94.09660381919001,1443.9860697323552,36.59982533420739,34,47.5,0.278,0.647,0.637,high,Nagaland,Kohima
25.648125574466242,94.08309444932252,1419.1369233993619,34.31789748430101,178,8.8,0.412,0.54,0.376,moderate,Nagaland,Kohima
25.66048727107278,94.12511720758202,1355.137716153894,37.83661884578032,200,6.3,0.422,0.604,0.47,moderate,Nagaland,Kohima
25.700074700337094,94.09875820125728,1448.5611834397394,31.80448949690791,228,19.3,0.292,0.52,0.47,moderate,Nagaland,Kohima
25.6544804589107,94.11751299370314,1418.4529212465538,29.618823837297978,247,29.8,0.597,0.675,0.543,high,Nagaland,Kohima
25.674134644153458,94.1114585731214,1465.2193148543936,46.52281186983054,209,82.1,0.147,0.366,0.424,moderate,Nagaland,Kohima
25.641836722663843,94.1222249815237,1355.2808985797787,43.55896939787721,137,97.9,0.496,0.54,0.685,high,Nagaland,Kohima
25.645212604154107,94.11317072057292,1487.9858151996698,32.63566403631715,320,29.0,0.41,0.52,0.422,moderate,Nagaland,Kohima
25.611121113101166,94.09648345795692,1492.3933478499282,37.645908822750364,360,110.6,0.652,0.489,0.626,high,Nagaland,Kohima
25.67169729190639,94.1127842809891,1302.430381388539,33.79137024030677,274,36.0,0.521,0.555,0.442,moderate,Nagaland,Kohima
25.644096253234075,94.12330933684119,1408.2611245716034,35.76505497455829,6,12.2,0.546,0.528,0.495,moderate,Nagaland,Kohima
25.64013951237039,94.1223813529938,1467.376496445983,40.5318545538251,117,55.9,0.407,0.615,0.472,moderate,Nagaland,Kohima
25.666112660940545,94.09062146185569,1369.0392228464707,42.39236517453871,138,19.0,0.232,0.794,0.397,moderate,Nagaland,Kohima
25.658160628847718,94.10458814400259,1441.1173549350315,30.760749668690124,77,57.7,0.354,0.316,0.508,high,Nagaland,Kohima
25.680826332869387,94.08149215787184,1370.4746533469056,40.73742165528329,154,83.0,0.513,0.331,0.712,high,Nagaland,Kohima
25.642272359143316,94.11156602029692,1552.847100979309,44.205105146634445,287,47.0,0.5,0.53,0.644,high,Nagaland,Kohima
25.611920616450302,94.15112414106628,1426.714499173998,24.823063851678626,279,45.6,0.521,0.498,0.389,moderate,Nagaland,Kohima
25.661492388721705,94.08702048890719,1420.2386336275183,37.34874720511373,159,42.7,0.239,0.52,0.428,moderate,Nagaland,Kohima
25.678039711582127,94.14357229922977,1406.154019774117,37.2426081136575,72,22.9,0.637,0.616,0.462,moderate,Nagaland,Kohima
25.659063123449418,94.10164455363855,1392.5276536102272,37.21299846014721,172,3.0,0.564,0.266,0.421,moderate,Nagaland,Kohima
25.669520889793407,94.09717755061783,1460.2899599818686,43.2185173862528,250,54.1,0.365,0.474,0.366,moderate,Nagaland,Kohima
25.652455922014937,94.08535784863422,1543.0249210845468,24.821522581572026,41,25.1,0.363,0.474,0.361,moderate,Nagaland,Kohima
25.68274087752846,94.11067165216075,1467.9576093120297,39.291997590359095,58,77.8,0.325,0.619,0.54,high,Nagaland,Kohima
25.625453712594428,94.11127293339653,1395.7040587620736,35.52799530285769,151,80.6,0.438,0.679,0.696,high,Nagaland,Kohima
25.656266732758915,94.12608994031562,1493.5096718659283,32.88031125261841,84,123.3,0.734,0.492,0.499,moderate,Nagaland,Kohima
25.653240730516057,94.0849902447087,1443.5658983504613,42.57447919483162,169,73.0,0.542,0.608,0.683,high,Nagaland,Kohima
25.6214267692012,94.10286106133208,1495.7844420951726,37.31995939315608,76,92.9,0.294,0.599,0.499,moderate,Nagaland,Kohima
25.661382621977182,94.11703181186876,1422.4453551311192,37.573779004456554,319,-43.3,0.488,0.783,0.295,moderate,Nagaland,Kohima
25.662824851226066,94.1364389823371,1480.01940887941,35.246064910616255,218,32.8,0.417,0.437,0.566,high,Nagaland,Kohima
25.657855277398877,94.13354872866047,1433.1732630935749,35.30887053701167,78,27.9,0.335,0.442,0.364,moderate,Nagaland,Kohima
25.67560576157171,94.12597388190667,1413.8449541815933,33.120990994448775,294,66.7,0.463,0.634,0.636,high,Nagaland,Kohima
25.67912615013978,94.08710647335897,1414.0874885433118,37.504511362560606,118,55.5,0.201,0.504,0.637,high,Nagaland,Kohima
25.679386732117923,94.14365708174056,1396.7014317679523,46.527551981945244,26,63.1,0.396,0.578,0.452,moderate,Nagaland,Kohima
25.647643338543602,94.14056356380861,1446.8960941329515,41.98976682313412,197,85.5,0.606,0.399,0.661,high,Nagaland,Kohima
25.682647430763186,94.12146812708095,1450.7776704248438,39.936613573401196,324,42.4,0.265,0.619,0.359,moderate,Nagaland,Kohima
25.62338963942566,94.11079448067892,1418.7641207781055,31.131180871335673,222,73.7,0.195,0.653,0.37,moderate,Nagaland,Kohima
25.660995583074747,94.09032517588699,1382.4636457901065,40.1804743020362,97,39.2,0.323,0.747,0.279,moderate,Nagaland,Kohima
25.63576194870734,94.11729862968454,1487.0794485223382,37.15203524147029,48,36.1,0.463,0.55,0.452,moderate,Nagaland,Kohima
25.654437294909226,94.13716914654707,1412.2854975247724,33.08321308230006,356,106.6,0.223,0.526,0.562,high,Nagaland,Kohima
25.689844145185926,94.11464695695527,1376.760739297853,38.24725680699647,232,43.2,0.285,0.733,0.473,moderate,Nagaland,Kohima
25.660570662481465,94.10337791603723,1548.2560104051506,38.909940512890614,78,16.1,0.41,0.727,0.281,moderate,Nagaland,Kohima
25.663683529059334,94.09988773987939,1370.193203388067,39.74249221356046,160,44.8,0.31,0.587,0.417,moderate,Nagaland,Kohima
25.655833688860003,94.10619177392682,1494.612820689777,28.714296320994777,162,80.8,0.508,0.648,0.549,high,Nagaland,Kohima
25.65634544355616,94.11111695085157,1417.4446308520517,32.54205491858933,341,64.6,0.345,0.789,0.463,moderate,Nagaland,Kohima
25.657495726581974,94.10029672497637,1406.3679633600502,38.39775921409755,101,44.7,0.352,0.63,0.349,moderate,Nagaland,Kohima
25.674699034003876,94.10235313189189,1420.7658366012013,36.07063488072627,238,38.4,0.257,0.36,0.305,moderate,Nagaland,Kohima
25.66509095238184,94.11441464119474,1439.8939019551103,33.82191930774654,302,7.9,0.304,0.397,0.349,moderate,Nagaland,Kohima
25.644220447390076,94.09166793785691,1529.8504687593559,28.648904950209648,157,45.8,0.378,0.561,0.481,moderate,Nagaland,Kohima
25.65899107190452,94.09793344244848,1517.875116112336,39.57270631555982,91,72.4,0.216,0.63,0.445,moderate,Nagaland,Kohima
25.656696689017163,94.12179535026344,1482.416913582825,36.49697056737858,225,43.0,0.59,0.306,0.628,high,Nagaland,Kohima
25.64486099965972,94.09159899456994,1379.8253979881906,30.077167624249242,18,46.8,0.573,0.428,0.479,moderate,Nagaland,Kohima
25.679917165517764,94.10776320238517,1397.9894828320075,30.990148923315544,147,87.8,0.338,0.659,0.642,high,Nagaland,Kohima
25.66099689001272,94.10021133659913,1449.6636198755132,33.177180580964404,239,62.3,0.624,0.268,0.575,high,Nagaland,Kohima
25.636427172676633,94.11208187275759,1415.4877205120106,42.77492128957425,337,45.4,0.738,0.339,0.547,high,Nagaland,Kohima
25.66031639725538,94.1067567128377,1404.2521271866751,39.13959446265088,331,43.3,0.379,0.486,0.337,moderate,Nagaland,Kohima
25.626631623078474,94.09892374819128,1379.786530846053,39.5887706928022,303,65.8,0.345,0.494,0.555,high,Nagaland,Kohima
25.658287267447278,94.12792933716631,1404.4874734452487,43.41359295068402,153,21.5,0.326,0.321,0.546,high,Nagaland,Kohima
25.667164549714915,94.10436324958397,1408.6041953240795,38.778526950376346,295,116.8,0.486,0.585,0.862,critical,Nagaland,Kohima
25.697827008801582,94.07470942376055,1475.1367984122048,35.831175109135366,290,44.1,0.421,0.212,0.491,moderate,Nagaland,Kohima
25.6755067196786,94.10541065135541,1452.9245132640183,28.05297669423647,234,50.2,0.321,0.36,0.706,high,Nagaland,Kohima
25.66666422837268,94.12373131719393,1483.449029735765,46.05265088641623,223,23.5,0.501,0.496,0.399,moderate,Nagaland,Kohima
25.642565279931773,94.12478497171232,1412.3780769257532,41.67119339795657,351,69.0,0.46,0.434,0.366,moderate,Nagaland,Kohima
25.644076382264622,94.11199198285325,1486.9243364180954,34.531931039432784,162,33.7,0.464,0.406,0.494,moderate,Nagaland,Kohima
25.672348953557876,94.07928215162318,1399.4799984764807,39.28278652198366,36,51.3,0.32,0.597,0.253,moderate,Nagaland,Kohima
25.668028449885767,94.10034942399946,1448.4164865452226,41.72205241499529,256,24.5,0.583,0.584,0.46,moderate,Nagaland,Kohima
25.651948800682447,94.09996080379113,1457.087163000116,40.186131773865355,222,68.3,0.215,0.554,0.26,moderate,Nagaland,Kohima
25.64736627667409,94.13641401902674,1405.397184386231,37.471607238775654,215,74.6,0.481,0.587,0.596,high,Nagaland,Kohima
25.664980444019726,94.0912979983173,1436.0637366542494,29.740058975684907,207,63.0,0.537,0.479,0.537,high,Nagaland,Kohima
25.64217115091647,94.12327026309899,1317.6558824833794,38.10310620433212,205,51.6,0.378,0.468,0.608,high,Nagaland,Kohima
25.685672473823267,94.13275888882711,1493.495129063226,33.7803314158717,242,41.1,0.424,0.33,0.566,high,Nagaland,Kohima
25.667683874445128,94.12754443917022,1450.0989589419582,26.91237894765721,40,36.3,0.119,0.622,0.383,moderate,Nagaland,Kohima
25.670435424428653,94.1432487366947,1436.2820816028352,31.54547567422987,24,65.9,0.51,0.733,0.464,moderate,Nagaland,Kohima
25.684321998320137,94.11697072068999,1408.1220390455105,40.85462172236085,345,41.7,0.409,0.662,0.374,moderate,Nagaland,Kohima
25.656260287459638,94.1115436641562,1411.875379822715,43.34096065505389,305,34.1,0.666,0.459,0.496,moderate,Nagaland,Kohima
25.669803753720604,94.1306686370172,1463.6320756594862,38.98939958812954,252,87.2,0.557,0.402,0.583,high,Nagaland,Kohima
25.659985088523708,94.1459506814676,1485.3082805232443,30.006920839501543,268,28.2,0.45,0.776,0.399,moderate,Nagaland,Kohima
25.633796578121803,94.08824996707995,1452.832143410621,34.86684029256569,262,42.2,0.382,0.531,0.49,moderate,Nagaland,Kohima
25.654838662611024,94.11059062071969,1480.6682426612088,35.817711183688644,334,62.1,0.392,0.774,0.409,moderate,Nagaland,Kohima
25.665645298291906,94.0835559007336,1513.1031522496717,36.77928842479626,276,49.4,0.339,0.881,0.3,moderate,Nagaland,Kohima
25.62526404476005,94.11432779091689,1367.5389027526571,40.19836982582298,95,63.7,0.311,0.594,0.395,moderate,Nagaland,Kohima
25.651642574639688,94.09423669387671,1435.8864573880082,37.53527801817937,212,42.5,0.621,0.29,0.403,moderate,Nagaland,Kohima
25.652614338703607,94.10182291357722,1456.3755475629964,44.75831947076513,113,36.8,0.3,0.292,0.503,high,Nagaland,Kohima
25.63443528591429,94.0937052084529,1420.430037431526,41.368148139947266,285,72.8,0.448,0.484,0.362,moderate,Nagaland,Kohima
25.626588674572975,94.1164028578537,1462.9344994061128,44.499054046027595,344,77.3,0.411,0.457,0.637,high,Nagaland,Kohima
25.678932614178866,94.1195475573631,1464.7333621091836,36.80331801913771,271,26.5,0.497,0.446,0.355,moderate,Nagaland,Kohima
25.686124796705542,94.11377263091367,1467.2553876694199,41.03190749243455,220,33.0,0.491,0.46,0.613,high,Nagaland,Kohima
25.65633990377522,94.04815293414175,1400.0095143074568,41.38335847258118,193,6.0,0.529,0.551,0.338,moderate,Nagaland,Kohima
25.684579044432983,94.10731447106093,1456.7635862419427,39.652560444095776,205,4.3,0.218,0.636,0.386,moderate,Nagaland,Kohima
25.652407531498056,94.14235105908134,1393.5261462443289,31.60639022399654,351,23.4,0.357,0.615,0.624,high,Nagaland,Kohima
25.627752157008892,94.13341789721588,1388.1966067921276,37.18122309115371,230,99.2,0.337,0.473,0.689,high,Nagaland,Kohima
25.674922984960364,94.07884942739986,1401.8489407914255,30.696741046065494,50,83.7,0.654,0.54,0.606,high,Nagaland,Kohima
25.64041527634807,94.08759952013091,1488.8103234293512,42.31874647096447,41,17.6,0.546,0.702,0.415,moderate,Nagaland,Kohima
25.658609663412967,94.13455931652538,1422.5018828408272,37.3833704430865,189,10.5,0.257,0.675,0.332,moderate,Nagaland,Kohima
25.645534483908325,94.10766786123929,1491.2960427147104,34.130506588997065,122,90.3,0.429,0.587,0.469,moderate,Nagaland,Kohima
25.647284653344204,94.14947525442933,1458.838513941667,42.35880887508729,125,82.0,0.715,0.667,0.556,high,Nagaland,Kohima
25.63079551898472,94.11547769896305,1475.5666870868104,27.99972425650931,81,36.8,0.251,0.555,0.488,moderate,Nagaland,Kohima
25.650139264507448,94.09001011551575,1388.0748964312963,36.301799718382505,197,51.5,0.64,0.776,0.581,high,Nagaland,Kohima
25.68369517796004,94.13245901768839,1406.764485177798,32.067254577717314,12,78.2,0.467,0.535,0.712,high,Nagaland,Kohima
25.673785032633496,94.0802690949706,1492.9124359226473,38.25279411756682,261,-2.1,0.506,0.805,0.441,moderate,Nagaland,Kohima
25.677896101165345,94.08098627868763,1366.3486307627184,32.743017994273046,86,27.8,0.283,0.566,0.367,moderate,Nagaland,Kohima
25.88441657117477,93.72831140792216,158.93411118838418,18.739683475292466,234,20.7,0.563,0.62,0.32,moderate,Nagaland,Dimapur
25.893909815557326,93.7474198661571,214.04180106496932,4.458741943935889,290,78.1,0.297,0.554,0.408,moderate,Nagaland,Dimapur
25.940652873071436,93.73328527053198,123.12872754199427,8.925663673875189,157,48.7,0.44,0.666,0.382,moderate,Nagaland,Dimapur
25.88446082858457,93.7327679444616,192.96641079313375,4.299761198588769,75,66.6,0.37,0.436,0.249,low,Nagaland,Dimapur
25.915676676938133,93.70528289121626,200.64404102214837,12.625567215825242,186,3.6,0.214,0.545,0.237,low,Nagaland,Dimapur
25.891007547346828,93.71831779872662,179.7579559564229,14.415534019576002,256,41.0,0.156,0.703,0.21,low,Nagaland,Dimapur
25.911878612279484,93.74792721243716,244.18115669505943,21.51325262827629,7,38.6,0.534,0.665,0.201,low,Nagaland,Dimapur
25.916090245257177,93.74877224557942,192.6424332791472,9.498854935331133,100,44.6,0.352,0.566,0.34,moderate,Nagaland,Dimapur
25.920715416334794,93.69394735944785,208.57675244878897,6.03782290355963,116,29.4,0.53,0.829,0.138,low,Nagaland,Dimapur
25.92272769424456,93.71953424105426,178.82342123957343,24.6533689740142,275,48.5,0.258,0.756,0.271,moderate,Nagaland,Dimapur
25.900196019736086,93.74198214786124,190.92640493926962,4.367620504744154,333,105.4,0.114,0.732,0.375,moderate,Nagaland,Dimapur
25.9155888704345,93.72456869023857,181.8389695220887,20.120966981712435,32,63.5,0.316,0.531,0.246,low,Nagaland,Dimapur
25.901289276513168,93.76044748448821,173.4892114981343,12.323518024379666,26,63.3,0.356,0.517,0.38,moderate,Nagaland,Dimapur
25.911484156908855,93.73323546916714,162.4358379286302,11.084760945758745,249,32.2,0.593,0.575,0.342,moderate,Nagaland,Dimapur
25.89594541621717,93.70535857588021,154.35596256853867,6.793441928214555,325,48.7,0.42,0.256,0.418,moderate,Nagaland,Dimapur
25.88126913564609,93.71274621606219,222.4970001841844,17.326454552299268,263,25.1,0.291,0.801,0.199,low,Nagaland,Dimapur
25.883688170256725,93.7519001210075,125.89556989888075,11.865096295748929,57,40.9,0.611,0.534,0.443,moderate,Nagaland,Dimapur
25.922261484679094,93.72298149845817,205.5584295194087,13.573762730102695,221,121.7,0.348,0.419,0.448,moderate,Nagaland,Dimapur
25.885650282470802,93.69228712546494,204.3245892496043,14.249750883785676,118,43.8,0.341,0.639,0.192,low,Nagaland,Dimapur
25.913483310765947,93.73677892343218,145.75450444694533,7.868438323511663,79,58.1,0.572,0.471,0.465,moderate,Nagaland,Dimapur
25.91611741663389,93.75128594377563,168.40572509170326,17.35884996435547,242,41.2,0.488,0.477,0.339,moderate,Nagaland,Dimapur
25.92062055512347,93.71734299528195,222.3309763466425,8.659393548942521,74,19.9,0.183,0.572,0.111,low,Nagaland,Dimapur
25.890821782741952,93.75065290994509,196.4249629691159,11.468372369489753,206,33.3,0.627,0.612,0.224,low,Nagaland,Dimapur
25.884571564303858,93.73088439772154,210.02914431718762,8.94590131363807,338,78.9,0.452,0.5,0.325,moderate,Nagaland,Dimapur
25.904514866582904,93.70942844003118,164.98880658782647,10.772805148940098,110,44.8,0.277,0.457,0.332,moderate,Nagaland,Dimapur
25.917096733431816,93.75369716539292,258.55847520803974,9.59082196601073,23,26.1,0.291,0.541,0.265,moderate,Nagaland,Dimapur
25.900056951559332,93.78550582525301,181.01214351391897,11.09939702575549,28,55.8,0.254,0.777,0.215,low,Nagaland,Dimapur
25.908231220299495,93.73349973807741,195.95163386101873,7.570727829213853,211,34.6,0.307,0.318,0.434,moderate,Nagaland,Dimapur
25.880121305312436,93.71846291581113,166.45403282470406,17.55137347818109,338,77.5,0.127,0.384,0.242,low,Nagaland,Dimapur
25.90103897017682,93.7191661674808,213.63054845644817,4.317045797287411,160,47.5,0.584,0.542,0.348,moderate,Nagaland,Dimapur
25.90386115199553,93.74377887142711,202.62780175897188,16.695481456191317,101,77.4,0.362,0.585,0.174,low,Nagaland,Dimapur
25.909969964103293,93.72805975507156,153.45479443319323,14.670881971968122,249,29.4,0.19,0.542,0.378,moderate,Nagaland,Dimapur
25.88191062135388,93.74503955135293,322.7122948056947,11.653941184720567,167,66.9,0.13,0.971,0.344,moderate,Nagaland,Dimapur
25.897479033658303,93.70090687705687,281.94699680292126,10.595939008542116,272,58.7,0.231,0.36,0.233,low,Nagaland,Dimapur
25.87158064410892,93.7323092663234,203.06985819225088,13.815148504636817,350,69.6,0.551,0.667,0.248,low,Nagaland,Dimapur
25.897985885466248,93.6976722304289,260.76648221212866,15.199451747756484,173,28.1,0.451,0.255,0.353,moderate,Nagaland,Dimapur
25.91556439998906,93.71362436506443,176.99799623108052,18.727280675011215,199,-0.1,0.474,0.526,0,low,Nagaland,Dimapur
25.905079811682644,93.75613309898708,170.38561023333136,16.903136037856836,340,71.3,0.413,0.446,0.385,moderate,Nagaland,Dimapur
25.89426264851373,93.70100474397503,206.6189307713918,14.626305125153413,157,67.1,0.665,0.833,0.258,moderate,Nagaland,Dimapur
25.90458824657748,93.70209890520255,238.74127083231988,10.748361044150432,161,52.9,0.431,0.318,0.215,low,Nagaland,Dimapur
25.91454357079587,93.72577703520027,271.349131314326,7.850137857828888,13,89.6,0.305,0.577,0.409,moderate,Nagaland,Dimapur
25.884667135479045,93.74191092607018,192.87749096961895,3.800036062026729,194,91.8,0.644,0.286,0.524,high,Nagaland,Dimapur
25.89129400215973,93.72105832559012,254.33447374204712,10.858458087748872,296,80.7,0.449,0.632,0.521,high,Nagaland,Dimapur
25.87280964389698,93.72846364889045,195.91294471042963,7.6348962765096084,97,47.6,0.325,0.553,0.224,low,Nagaland,Dimapur
25.851918190720315,93.7239583658892,244.64050064720337,12.495132815244347,215,53.2,0.463,0.379,0.326,moderate,Nagaland,Dimapur
25.91104129299731,93.70833447851048,220.3831914100279,8.544862627073021,359,2.0,0.574,0.329,0.447,moderate,Nagaland,Dimapur
25.915285452144175,93.72177209395232,169.43854693036133,8.468837843032754,72,87.2,0.509,0.42,0.476,moderate,Nagaland,Dimapur
25.914337381871125,93.74397985726479,261.32608301206784,13.633206405070386,107,60.8,0.323,0.731,0.29,moderate,Nagaland,Dimapur
25.9067565442375,93.7368834186431,315.3865528825255,6.948311048448878,342,79.5,0.236,0.442,0.406,moderate,Nagaland,Dimapur
25.88290519321013,93.7268625956543,118.74597063682066,4.244200963618721,135,75.7,0.68,0.619,0.433,moderate,Nagaland,Dimapur
25.86796567292027,93.73260615148932,227.52937849228562,16.030164599188666,276,44.8,0.375,0.586,0.28,moderate,Nagaland,Dimapur
25.94247236686544,93.73059825228887,320.7105124909265,20.149828162055933,57,21.0,0.541,0.463,0.264,moderate,Nagaland,Dimapur
25.863292475778927,93.74102270984855,196.69299772647577,11.823104602475048,243,82.9,0.367,0.274,0.49,moderate,Nagaland,Dimapur
25.881684561759496,93.74722208238691,184.02702885347918,6.427681051732594,292,-13.6,0.462,0.702,0.27,moderate,Nagaland,Dimapur
25.901267399789656,93.73478564094268,238.098907132774,14.852894436102815,314,57.0,0.5,0.796,0.478,moderate,Nagaland,Dimapur
25.874384338471028,93.77416295885409,166.27255992909744,6.722443842202467,295,67.0,0.466,0.638,0.468,moderate,Nagaland,Dimapur
25.89208899041442,93.73453383797674,187.6830286581649,2.2832939270753414,197,73.6,0.391,0.658,0.277,moderate,Nagaland,Dimapur
25.874810280014845,93.69816118867855,199.84055044453868,17.012465192142088,5,13.9,0.203,0.575,0.179,low,Nagaland,Dimapur
25.91072253794896,93.70264765559311,162.7876441051584,13.030795622663936,318,19.0,0.325,0.433,0.346,moderate,Nagaland,Dimapur
25.881931090079277,93.7249502813769,228.10124372987258,11.93314165274738,174,47.4,0.561,0.543,0.177,low,Nagaland,Dimapur
25.890978890645584,93.7106652596628,178.074342009849,11.78414693669373,187,62.2,0.238,0.339,0.263,moderate,Nagaland,Dimapur
25.937195089295745,93.72072992891852,253.47130371904643,17.415819397394387,64,43.9,0.415,0.486,0.28,moderate,Nagaland,Dimapur
25.934835432893802,93.74660554973806,145.6851031356818,11.850621429082642,261,68.0,0.308,0.152,0.465,moderate,Nagaland,Dimapur
25.898055115720027,93.70800689891215,172.89019973844273,10.300113457071463,271,69.5,0.67,0.555,0.405,moderate,Nagaland,Dimapur
25.923263340683253,93.71858018723186,179.8125035191301,13.629523453440072,84,-3.2,0.358,0.479,0.242,low,Nagaland,Dimapur
25.894722954937944,93.70221135681908,246.44684056766823,10.538866738654976,103,10.7,0.177,0.602,0.395,moderate,Nagaland,Dimapur
25.94345882116404,93.6954226877928,240.1137469924626,8.522105160597967,69,36.5,0.773,0.669,0.304,moderate,Nagaland,Dimapur
25.893265324547905,93.7146852174274,189.0360464625753,5.322928502980165,34,45.5,0.275,0.76,0.311,moderate,Nagaland,Dimapur
25.90332156079079,93.69047562163752,231.50303511864504,10.868852793251987,81,78.7,0.456,0.723,0.492,moderate,Nagaland,Dimapur
25.946463507768247,93.7486539394587,178.67792253238872,22.420035415097498,63,31.8,0.281,0.649,0.403,moderate,Nagaland,Dimapur
25.91004592583895,93.73912459153638,162.71528855207436,18.28930744514944,266,44.0,0.203,0.502,0.188,low,Nagaland,Dimapur
25.891007873705714,93.71234739632922,254.32342605377534,17.822419547453848,232,44.8,0.465,0.433,0.227,low,Nagaland,Dimapur
25.93460853686995,93.69209372199907,288.25089314043714,14.428726754592388,130,85.2,0.654,0.556,0.256,moderate,Nagaland,Dimapur
25.887202655856104,93.69340508164274,197.8948804203546,8.43839057788559,52,75.5,0.509,0.286,0.29,moderate,Nagaland,Dimapur
25.90213018804766,93.7654969644854,118.28609405020266,12.267112248362292,221,91.3,0.529,0.841,0.324,moderate,Nagaland,Dimapur
25.89739175044074,93.71074378075194,195.37499910660753,17.953317842704227,214,12.3,0.501,0.631,0.171,low,Nagaland,Dimapur
25.894700901639457,93.70415800466544,165.6424922288215,10.184415377584006,222,38.6,0.301,0.535,0.266,moderate,Nagaland,Dimapur
25.864615227053328,93.71241738102368,153.00635756314784,16.255163336768092,341,42.9,0.339,0.595,0.11,low,Nagaland,Dimapur
25.925103285483374,93.71914773380286,258.85761883783766,17.71768051499174,184,19.9,0.537,0.325,0.189,low,Nagaland,Dimapur
25.898870841596235,93.72100803787656,163.5479721622678,7.700991871625853,235,8.7,0.286,0.331,0.1,low,Nagaland,Dimapur
25.875962381115986,93.70160148504935,190.4514386296285,11.004567596843218,290,17.3,0.319,0.806,0.12,low,Nagaland,Dimapur
25.89591401888725,93.72911648447236,94.62602121473445,14.833398862150592,183,67.8,0.592,0.491,0.448,moderate,Nagaland,Dimapur
25.894097104076284,93.7286830794818,47.83520714185755,15.982914007148713,134,61.5,0.275,0.662,0.269,moderate,Nagaland,Dimapur
25.880399895868575,93.70022451317816,197.81707866859531,3.2882891636451568,88,52.1,0.312,0.271,0.238,low,Nagaland,Dimapur
25.897577541821228,93.68863168275604,209.1921824919051,21.299014856271672,51,83.2,0.155,0.446,0.442,moderate,Nagaland,Dimapur
25.878484299327475,93.70076596894344,225.1503495547007,21.40166671029886,248,61.2,0.366,0.376,0.405,moderate,Nagaland,Dimapur
25.917083404658733,93.7221345018951,246.48079123891864,16.255851469479495,259,17.9,0.619,0.749,0.152,low,Nagaland,Dimapur
25.87527625989506,93.7450488927455,202.91099451959855,14.065845242717447,306,38.2,0.217,0.558,0.11,low,Nagaland,Dimapur
25.88996914013132,93.74237017436084,229.07184873638764,15.659058327485383,150,88.1,0.287,0.6,0.298,moderate,Nagaland,Dimapur
25.9069169961672,93.7132604643763,284.12079422697946,24.968651967855266,13,-10.3,0.139,0.502,0.191,low,Nagaland,Dimapur
25.904371169544447,93.75516490287113,197.67735078573588,12.772444343675495,124,-6.7,0.41,0.662,0.164,low,Nagaland,Dimapur
25.83277093630727,93.70176316319515,207.3897820268111,14.999339884576257,265,107.8,0.335,0.39,0.425,moderate,Nagaland,Dimapur
25.899368757582266,93.69527949139932,285.60483891894046,10.977470507330008,134,13.2,0.297,0.869,0,low,Nagaland,Dimapur
25.89224775232688,93.72459038545222,180.60998177055882,7.872410684487351,359,24.1,0.46,0.648,0.212,low,Nagaland,Dimapur
25.90507813192127,93.70334604884162,153.1366440939405,12.658537376920698,309,50.7,0.586,0.841,0.508,high,Nagaland,Dimapur
25.906151211872032,93.71375447621139,184.58576639828823,21.448754469198207,235,53.9,0.537,0.428,0.081,low,Nagaland,Dimapur
25.912155909628208,93.7491597710323,179.95469098463056,11.376400365832165,177,24.2,0.281,0.208,0.35,moderate,Nagaland,Dimapur
25.91543116207756,93.72208887816518,194.65363427307582,22.64918025349746,14,3.5,0.434,0.679,0.232,low,Nagaland,Dimapur
25.913871294791043,93.72539480412205,136.62214421876538,13.842570191802599,345,42.1,0.23,0.448,0.026,low,Nagaland,Dimapur
25.87153914051735,93.74538706905658,261.96810810067683,11.174146962321595,3,42.6,0.503,0.604,0.182,low,Nagaland,Dimapur
23.83268280794304,91.27921516426804,167.59477266432782,17.011103093095265,82,59.7,0.391,0.556,0.19,low,Tripura,West Tripura
23.83693256987311,91.29822176622386,85.4713691189192,10.284588160234627,61,47.5,0.287,0.347,0.198,low,Tripura,West Tripura
23.817213298569786,91.25358341100008,78.34593613141251,18.84848666506685,175,43.4,0.458,0.358,0.412,moderate,Tripura,West Tripura
23.831389609089168,91.29552251822606,117.79301755479743,18.3386284821805,179,60.6,0.518,0.62,0.439,moderate,Tripura,West Tripura
23.827484862279057,91.28619332527536,8.640636812481333,6.231406886098785,30,92.3,0.381,0.416,0.541,high,Tripura,West Tripura
23.849238868828415,91.28820488088725,88.9419938978055,23.416379410062696,290,44.5,0.339,0.985,0.242,low,Tripura,West Tripura
23.822312309328137,91.27807692027918,129.08395986146385,19.511069818074724,349,-4.8,0.285,0.643,0.146,low,Tripura,West Tripura
23.820357167836118,91.24717848983855,132.48992033180622,17.54918606509293,227,84.6,0.294,0.267,0.288,moderate,Tripura,West Tripura
23.865299549755814,91.27359045743816,104.31861111783708,18.842698040277703,178,58.3,0.408,0.183,0.302,moderate,Tripura,West Tripura
23.835561530657742,91.29768476426783,85.63328230502958,12.038880741138025,232,33.6,0.217,0.584,0.273,moderate,Tripura,West Tripura
23.850429978598694,91.30378333954576,94.85694861871286,19.05455554338062,122,84.1,0.318,0.425,0.44,moderate,Tripura,West Tripura
23.8845161706112,91.3072622413201,24.41188959811241,16.181732324157075,337,83.8,0.357,0.562,0.336,moderate,Tripura,West Tripura
23.82240819754157,91.27174941726656,55.545894585502325,13.881876398165216,272,34.9,0.123,0.698,0.276,moderate,Tripura,West Tripura
23.853884250980688,91.31234344252019,101.29225210245635,21.761697564149475,206,0.0,0.366,0.474,0.143,low,Tripura,West Tripura
23.80607328320097,91.2765005628815,66.34266469738111,29.64423542201829,147,38.6,0.425,0.62,0.288,moderate,Tripura,West Tripura
23.847683421169855,91.28117723843098,28.447578209412086,9.392045028592063,277,56.1,0.17,0.507,0.271,moderate,Tripura,West Tripura
23.850789195521635,91.28271281474267,82.93391324363478,19.984476027834937,350,62.1,0.515,0.584,0.357,moderate,Tripura,West Tripura
23.810162305943617,91.30928790017133,139.29153377527825,13.786950137021309,95,84.5,0.225,0.457,0.34,moderate,Tripura,West Tripura
23.83918033893894,91.31435485093897,232.4218711612899,16.10495581156621,105,86.9,0.252,0.641,0.371,moderate,Tripura,West Tripura
23.807595417961355,91.24934384866658,104.83343811795525,17.728225902768994,199,62.1,0.356,0.468,0.539,high,Tripura,West Tripura
23.84096210822422,91.29848514377616,69.3737397856158,5.9888978557010155,216,63.4,0.272,0.574,0.279,moderate,Tripura,West Tripura
23.85858616894842,91.27612949417077,163.94503572004868,12.353773784851604,5,30.0,0.186,0.655,0.163,low,Tripura,West Tripura
23.840923307880093,91.26565563594798,63.25996844885063,10.87053050387278,202,23.2,0.478,0.493,0.486,moderate,Tripura,West Tripura
23.84040563437895,91.29102656679247,167.9230177849684,22.43978369469305,34,99.5,0.466,0.708,0.513,high,Tripura,West Tripura
23.81206682278347,91.24488497779413,70.26717351741978,18.69973382091772,145,60.9,0.522,0.658,0.315,moderate,Tripura,West Tripura
23.84161519282364,91.27794976536157,202.84433089418442,20.005598763807864,102,64.4,0.308,0.56,0.215,low,Tripura,West Tripura
23.836562736488606,91.32430509053695,153.9277919098546,22.770273547767992,34,118.9,0.754,0.479,0.531,high,Tripura,West Tripura
23.826751759996842,91.28348505171864,198.00287661636662,11.543650996270745,96,52.1,0.607,0.473,0.38,moderate,Tripura,West Tripura
23.854240424502457,91.31924750330431,119.84342550634484,18.10651262909976,236,55.6,0.161,0.574,0.271,moderate,Tripura,West Tripura
23.829616559272846,91.29380463234361,133.25064933539514,18.008125600896502,336,63.2,0.605,0.483,0.416,moderate,Tripura,West Tripura
23.818270763875585,91.2769759549335,153.3542908953131,20.336823767321217,162,48.8,0.367,0.281,0.394,moderate,Tripura,West Tripura
23.822528472652383,91.27852390978497,163.87126463435175,13.029102095673885,73,92.7,0.48,0.393,0.489,moderate,Tripura,West Tripura
23.849984922638583,91.29390692082036,29.984673857183793,10.972718490508864,321,87.1,0.268,0.562,0.353,moderate,Tripura,West Tripura
23.805747452725935,91.29064223466256,62.6120770641196,19.992225161504756,198,86.8,0.441,0.827,0.383,moderate,Tripura,West Tripura
23.798027252292613,91.33595642497257,12.240645302363419,18.131852811071738,78,2.7,0.477,0.465,0.11,low,Tripura,West Tripura
23.825375736506512,91.23580174629922,90.53107291893679,17.486560516538532,82,-9.2,0.488,0.57,0.284,moderate,Tripura,West Tripura
23.80099384291442,91.29464653037796,85.33395221513722,14.075050212667298,205,45.8,0.423,0.579,0.247,low,Tripura,West Tripura
23.848040980485614,91.27196063075046,2.1200538396354034,18.641723932933637,237,79.8,0.549,0.59,0.49,moderate,Tripura,West Tripura
23.83532515646753,91.30025454096068,131.92384292041731,18.065803569260417,337,32.6,0.501,0.356,0.406,moderate,Tripura,West Tripura
23.83656555191773,91.26808881567237,102.52146549989251,19.678920303980764,240,56.1,0.261,0.259,0.365,moderate,Tripura,West Tripura
23.835800369259697,91.259174272655,153.21610842574805,16.099730533108403,282,83.8,0.538,0.462,0.59,high,Tripura,West Tripura
23.83561627334775,91.28526522385108,137.49003099886957,21.231954465420763,88,83.9,0.26,0.697,0.29,moderate,Tripura,West Tripura
23.803024470353655,91.30698005941727,136.5770541006394,19.87268599419141,239,42.7,0.646,0.47,0.326,moderate,Tripura,West Tripura
23.805384388883116,91.26509614367137,50.970844419047395,13.656743735422575,18,51.3,0.646,0.564,0.241,low,Tripura,West Tripura
23.835768418650918,91.28178635155233,146.0503454375025,11.534998171156355,182,26.4,0.164,0.567,0.217,low,Tripura,West Tripura
23.80295298229736,91.32003772680706,38.753415060076705,10.301382700838255,243,55.0,0.482,0.616,0.512,high,Tripura,West Tripura
23.85363347410809,91.3215860767625,133.01594431483974,17.146855646969968,316,40.2,0.479,0.461,0.481,moderate,Tripura,West Tripura
23.823930075109796,91.32487582153072,120.09403747847767,17.452702273427235,75,17.5,0.504,0.389,0.166,low,Tripura,West Tripura
23.809063941584025,91.29067025427837,127.13837075397052,8.396509512992104,185,61.4,0.363,0.85,0.342,moderate,Tripura,West Tripura
23.87907431297238,91.2778166004,24.91497347955098,10.758210810899087,43,86.1,0.316,0.682,0.541,high,Tripura,West Tripura
23.822568104032275,91.29385356351666,208.3784458546742,14.605298637324527,342,58.6,0.363,0.634,0.371,moderate,Tripura,West Tripura
23.83576453900738,91.26857198965126,178.1142315547286,14.397964465019772,318,63.9,0.601,0.48,0.552,high,Tripura,West Tripura
23.8372786653674,91.30195531203279,9.649096144814663,13.575530096689317,250,74.2,0.301,0.693,0.491,moderate,Tripura,West Tripura
23.826010747176976,91.35327128082125,99.14188338621283,18.402879602876695,336,42.4,0.482,0.412,0.196,low,Tripura,West Tripura
23.859219340502367,91.28298789813755,119.05106398039148,14.019719051203898,194,38.2,0.416,0.475,0.276,moderate,Tripura,West Tripura
23.829034806397647,91.30603817692264,79.85456282607811,19.45144093891869,217,60.5,0.561,0.373,0.476,moderate,Tripura,West Tripura
23.809573792671515,91.27931103884505,108.43630270877854,25.998225489505497,343,27.1,0.476,0.774,0.197,low,Tripura,West Tripura
23.85909657030595,91.31067885888169,128.23199343906174,12.767612162493702,38,88.3,0.513,0.475,0.521,high,Tripura,West Tripura
23.838255782151727,91.29093335810882,106.26700651558,6.950166873824738,174,54.9,0.449,0.451,0.303,moderate,Tripura,West Tripura
23.846852883705836,91.2707261380181,181.46976468162092,8.728285059847403,54,78.5,0.249,0.667,0.438,moderate,Tripura,West Tripura
23.84297458209806,91.2810945529574,115.65765118401592,12.85193368511578,221,42.2,0.367,0.766,0.433,moderate,Tripura,West Tripura
23.820989047051278,91.30899018339295,87.22560405804973,15.49707753053186,253,55.6,0.294,0.608,0.303,moderate,Tripura,West Tripura
23.836203444119157,91.28146554574106,122.23722982856141,15.516350941664843,90,34.8,0.341,0.497,0.415,moderate,Tripura,West Tripura
23.835327971208162,91.2963533973035,122.36466554867266,11.779898157570056,164,73.1,0.381,0.692,0.244,low,Tripura,West Tripura
23.825533457839374,91.3065384595769,97.73541610650298,12.288095981521353,128,50.9,0.292,0.325,0.426,moderate,Tripura,West Tripura
23.8464250113886,91.28377162444527,120.49351327627198,13.172579067865716,32,72.1,0.182,0.335,0.3,moderate,Tripura,West Tripura
23.804396319404045,91.29953431481914,163.68371287796313,11.768788794333066,345,-14.7,0.412,0.784,0.218,low,Tripura,West Tripura
23.81886205116764,91.25946264050826,155.71834148208657,16.569143072385536,163,84.0,0.505,0.673,0.335,moderate,Tripura,West Tripura
23.83296008599459,91.26951538604976,152.48586000113025,14.981576969197352,300,2.9,0.475,0.375,0.259,moderate,Tripura,West Tripura
23.815430347659845,91.31865061989001,167.8250754890339,13.285422693473134,237,72.0,0.602,0.289,0.527,high,Tripura,West Tripura
23.84233099503094,91.28847919184328,58.38903977834038,28.824760367257667,323,34.1,0.425,0.551,0.175,low,Tripura,West Tripura
23.840980747902528,91.280388392203,152.98184131093868,13.836937726640523,8,66.9,0.515,0.297,0.462,moderate,Tripura,West Tripura
23.81824200440283,91.29745837518142,180.6425807315706,13.24625592472882,116,36.7,0.454,0.534,0.31,moderate,Tripura,West Tripura
23.84527638253705,91.26823313265545,96.43272883039191,10.969510903134568,54,65.1,0.591,0.39,0.391,moderate,Tripura,West Tripura
23.83596416903527,91.33451364810898,137.1526658399617,10.103046131143996,6,74.2,0.454,0.427,0.39,moderate,Tripura,West Tripura
23.811269423136647,91.26816255075595,70.11809683527264,11.418037584488072,174,90.8,0.343,0.482,0.456,moderate,Tripura,West Tripura
23.838598193575066,91.28546584509418,70.90434202544708,16.69546982934006,107,41.4,0.131,0.645,0.153,low,Tripura,West Tripura
23.802774223481148,91.25467906020401,79.87974598415138,15.604787566456178,174,93.1,0.322,0.823,0.234,low,Tripura,West Tripura
23.81915382549641,91.3122714202117,155.46225758754588,14.34971169993732,303,26.2,0.337,0.577,0.292,moderate,Tripura,West Tripura
23.844903694352325,91.27579029222937,156.04176941872734,11.646351136779169,75,7.5,0.226,0.551,0.315,moderate,Tripura,West Tripura
23.870525639750916,91.25488949909393,114.51467745521028,20.435453919049696,98,41.2,0.357,0.347,0.308,moderate,Tripura,West Tripura
23.845527233543176,91.29225423076525,90.15848680985778,11.696779157099764,317,56.2,0.283,0.731,0.429,moderate,Tripura,West Tripura
23.858634875126295,91.28428394159866,29.194132609406893,12.891615394795629,330,33.2,0.409,0.531,0.363,moderate,Tripura,West Tripura
23.87010321604902,91.30224226572379,61.4229052169013,14.128657352790126,127,75.8,0.715,0.451,0.379,moderate,Tripura,West Tripura
23.830730453223726,91.29792885544495,191.69779667838873,16.14868602018587,215,58.0,0.248,0.559,0.277,moderate,Tripura,West Tripura
23.81359788191641,91.26869656482884,49.94918259276571,10.31329928252137,55,79.5,0.48,0.622,0.343,moderate,Tripura,West Tripura
23.825740651816268,91.31274744834782,115.91601681155625,15.8296335770485,26,80.5,0.336,0.616,0.477,moderate,Tripura,West Tripura
23.826841399475587,91.26195388120018,70.28597901612085,9.779418277473932,202,75.6,0.259,0.461,0.402,moderate,Tripura,West Tripura
23.816424163638104,91.31684665522205,178.04484244365375,16.466316914936872,67,68.1,0.586,0.564,0.235,low,Tripura,West Tripura
23.84788142618587,91.3138675226945,159.60795748920415,17.57899565948283,182,-18.6,0.407,0.594,0.202,low,Tripura,West Tripura
23.80808044138235,91.27997821260192,88.44049167187625,11.095103776751422,79,33.7,0.532,0.551,0.183,low,Tripura,West Tripura
23.834728471699137,91.24663060258858,122.41407325701006,16.68831857121663,349,37.6,0.381,0.573,0.332,moderate,Tripura,West Tripura
23.845066233238636,91.29050166786377,123.12801027806378,17.860610376866383,70,40.8,0.383,0.609,0.219,low,Tripura,West Tripura
23.865315118702327,91.29091128068505,45.67170810378056,15.363289975347243,356,23.5,0.4,0.558,0.103,low,Tripura,West Tripura
23.834486726026157,91.30986635060961,108.01395411363794,16.663291624273697,188,40.3,0.429,0.563,0.317,moderate,Tripura,West Tripura
23.85958409401084,91.2880978761939,91.8338987489142,12.260481704362562,191,-6.3,0.384,0.481,0.232,low,Tripura,West Tripura
23.822488089424787,91.30215130204807,118.36443575665264,17.513493228309333,146,32.3,0.394,0.611,0.394,moderate,Tripura,West Tripura
23.833197429480666,91.27337476801307,157.6039799837064,18.219597920889743,54,18.9,0.449,0.769,0.202,low,Tripura,West Tripura
23.830851769781326,91.2489707485258,72.16841945398805,5.727131288082216,155,47.2,0.095,0.61,0.357,moderate,Tripura,West Tripura
23.842901688431596,91.27666890339643,77.03955623803208,14.699909423016555,110,43.6,0.438,0.414,0.222,low,Tripura,West Tripura
27.070778763411496,93.70347590898504,387.5211707630154,24.32874064602328,84,78.5,0.139,0.648,0.594,high,Arunachal Pradesh,Papum Pare
27.060921457848433,93.65112210693455,341.0375322889318,26.116828584930744,0,80.2,0.318,0.331,0.33,moderate,Arunachal Pradesh,Papum Pare
27.099796984828032,93.68477355855669,272.3749749261903,29.392936737086572,81,75.1,0.233,0.777,0.171,low,Arunachal Pradesh,Papum Pare
27.08341072658453,93.6727064795977,306.36649571088816,32.1521381288893,152,73.5,0.482,0.307,0.243,low,Arunachal Pradesh,Papum Pare
27.122231713723966,93.67423424336558,330.56881984387076,21.78555536975123,325,58.2,0.082,0.512,0.396,moderate,Arunachal Pradesh,Papum Pare
27.081037224412626,93.69250006642268,351.35719832306063,26.88370583631949,296,48.4,0.173,0.891,0.327,moderate,Arunachal Pradesh,Papum Pare
27.112691664921815,93.70388237032857,330.83351103966595,29.91558361847003,193,41.9,0.287,0.741,0.326,moderate,Arunachal Pradesh,Papum Pare
27.11024788362173,93.68755692480146,337.353217389978,25.492752481214428,143,84.6,0.433,0.625,0.344,moderate,Arunachal Pradesh,Papum Pare
27.05999202201205,93.64676914012513,349.0181590444286,32.077164256628,0,38.1,0.169,0.585,0.368,moderate,Arunachal Pradesh,Papum Pare
27.055350777734322,93.68072089214489,340.6637532771155,17.3453687756458,24,59.0,0.399,0.277,0.335,moderate,Arunachal Pradesh,Papum Pare
27.065820251493626,93.68665385484707,385.64526749991364,20.344401035881916,276,47.1,0.463,0.363,0.529,high,Arunachal Pradesh,Papum Pare
27.066089163343293,93.70499335958526,296.09895285035276,28.403632709857465,344,79.8,0.594,0.497,0.52,high,Arunachal Pradesh,Papum Pare
27.05970729281298,93.70329682280664,353.69872311670616,22.020480333602883,183,50.4,0.225,0.413,0.321,moderate,Arunachal Pradesh,Papum Pare
27.09851749310596,93.68028223089532,444.0809721397818,18.00483698054124,74,29.9,0.27,0.33,0.285,moderate,Arunachal Pradesh,Papum Pare
27.087705165722284,93.68154586141867,333.72655417452137,21.895548321404156,354,19.6,0.291,0.594,0.228,low,Arunachal Pradesh,Papum Pare
27.061102559839707,93.68539043456404,285.8897441898097,23.249434723819753,281,5.6,0.569,0.885,0.07,low,Arunachal Pradesh,Papum Pare
27.079328431037872,93.70058789804511,309.8433985447327,16.13013686694972,280,40.8,0.323,0.584,0.484,moderate,Arunachal Pradesh,Papum Pare
27.072244860213512,93.70848178978297,320.2333153941062,22.628123705107523,327,83.7,0.33,0.595,0.351,moderate,Arunachal Pradesh,Papum Pare
27.075484482685365,93.65064993214854,408.0314322889298,23.27942758651674,253,39.2,0.331,0.463,0.182,low,Arunachal Pradesh,Papum Pare
27.05335698111273,93.71277901576411,298.242780732789,24.412616085055483,97,57.2,0.446,0.656,0.356,moderate,Arunachal Pradesh,Papum Pare
27.085654663306567,93.68440838767894,317.3505935426173,37.277600435376144,216,57.5,0.406,0.62,0.419,moderate,Arunachal Pradesh,Papum Pare
27.07368745387626,93.70815972354632,296.96191137239356,31.5554633771398,244,91.5,0.325,0.752,0.423,moderate,Arunachal Pradesh,Papum Pare
27.06578627209512,93.69200060271055,317.9425794491162,30.660576523557637,196,23.4,0.249,0.372,0.052,low,Arunachal Pradesh,Papum Pare
27.12011600508953,93.65872791588023,255.6451880768928,10.167318329539297,194,50.9,0.143,0.374,0.396,moderate,Arunachal Pradesh,Papum Pare
27.076388398128724,93.68974131222771,307.2413701852663,17.174251134944406,48,83.7,0.442,0.691,0.364,moderate,Arunachal Pradesh,Papum Pare
27.101223688282147,93.69568759346011,336.6786396520329,15.322909682351339,110,2.1,0.47,0.573,0.569,high,Arunachal Pradesh,Papum Pare
27.082233335960904,93.68773160436334,301.0935121051478,24.92518631687394,92,39.9,0.356,0.469,0.222,low,Arunachal Pradesh,Papum Pare
27.08080464747509,93.68680128870702,253.54574198496837,21.032557954134848,251,4.9,0.453,0.289,0.459,moderate,Arunachal Pradesh,Papum Pare
27.067419164901654,93.67947912740843,269.1387666436285,12.870587347829908,39,65.1,0.546,0.576,0.4,moderate,Arunachal Pradesh,Papum Pare
27.09957485930001,93.65130250440313,322.1068978200015,23.517123090479902,93,60.9,0.564,0.809,0.401,moderate,Arunachal Pradesh,Papum Pare
27.076207512276174,93.65657632478302,343.5274470170765,24.20340233687585,84,60.0,0.696,0.399,0.402,moderate,Arunachal Pradesh,Papum Pare
27.06671187149181,93.69924901174053,316.7867212426395,24.03339763862669,268,81.6,0.589,0.732,0.406,moderate,Arunachal Pradesh,Papum Pare
27.105340672613657,93.69647907384288,314.47667959827334,23.22260297636632,44,73.0,0.314,0.4,0.382,moderate,Arunachal Pradesh,Papum Pare
27.122469400908372,93.6708445993669,338.01711858993576,23.21031506084816,82,44.1,0.764,0.455,0.516,high,Arunachal Pradesh,Papum Pare
27.05992085565161,93.68473463062648,188.31923184937014,26.842050489784683,336,66.5,0.45,0.623,0.54,high,Arunachal Pradesh,Papum Pare
27.090827222843853,93.70054763674021,317.74785312182485,24.284377617676352,30,62.2,0.542,0.449,0.402,moderate,Arunachal Pradesh,Papum Pare
27.067706663077406,93.68875909034298,336.52474243588705,20.935784569705998,124,45.3,0.398,0.433,0.356,moderate,Arunachal Pradesh,Papum Pare
27.07534677400992,93.69321690637378,266.0346399037865,29.588150774472222,277,84.5,0.193,0.614,0.492,moderate,Arunachal Pradesh,Papum Pare
27.1050575002017,93.71877105484344,169.96173361802607,27.117243391133083,37,57.3,0.355,0.403,0.215,low,Arunachal Pradesh,Papum Pare
27.075171160165727,93.70291308735901,318.62732372618973,26.748581737040645,221,29.3,0.354,0.556,0.124,low,Arunachal Pradesh,Papum Pare
27.081553075505052,93.67286330856594,229.55228052703768,27.949613765030445,115,75.4,0.435,0.473,0.472,moderate,Arunachal Pradesh,Papum Pare
27.10646408720746,93.67345181089321,320.99782076379574,22.07658182489524,306,49.9,0.322,0.351,0.253,moderate,Arunachal Pradesh,Papum Pare
27.062101563627163,93.70475291134888,295.557630229896,16.689425538934437,328,15.1,0.377,0.731,0.335,moderate,Arunachal Pradesh,Papum Pare
27.10261745454782,93.69047164833265,355.1920272421958,19.16080881317559,157,73.4,0.43,0.508,0.565,high,Arunachal Pradesh,Papum Pare
27.098632107491554,93.66941970583753,249.64318308814023,22.20477471815234,306,70.8,0.267,0.298,0.419,moderate,Arunachal Pradesh,Papum Pare
27.066126255065036,93.69318709291626,249.7642817190075,24.24702492942736,128,29.2,0.234,0.486,0.306,moderate,Arunachal Pradesh,Papum Pare
27.09074700543916,93.73729437321788,303.37971179557167,28.304696179652773,97,1.8,0.146,0.692,0.11,low,Arunachal Pradesh,Papum Pare
27.071100360224815,93.70026087476641,254.88272542916036,28.377475801587536,313,35.1,0.504,0.633,0.241,low,Arunachal Pradesh,Papum Pare
27.07710669584074,93.67451577186844,277.5717770158779,23.83138536692581,236,62.7,0.348,0.566,0.296,moderate,Arunachal Pradesh,Papum Pare
27.07565526248129,93.68161737611604,343.3919147020455,15.876368815990526,93,33.9,0.355,0.501,0.128,low,Arunachal Pradesh,Papum Pare
27.074852377916912,93.64655602953114,275.8054137702777,26.162018861417415,130,91.5,0.222,0.444,0.495,moderate,Arunachal Pradesh,Papum Pare
27.086009699043775,93.69183627484756,363.65923187340866,35.813706574065336,253,32.0,0.329,0.819,0.251,moderate,Arunachal Pradesh,Papum Pare
27.072248837459764,93.68651780018303,370.137116602039,26.66370982153097,250,-38.2,0.529,0.445,0.185,low,Arunachal Pradesh,Papum Pare
27.092344851648885,93.70919242342974,325.30270370608037,23.41223544005834,35,21.8,0.304,0.493,0.329,moderate,Arunachal Pradesh,Papum Pare
27.111615370463888,93.67829376590839,349.45686769707623,35.113674483319116,290,43.5,0.586,0.52,0.567,high,Arunachal Pradesh,Papum Pare
27.08123638702943,93.70650025605242,332.5628809138588,31.685510166278974,136,63.6,0.427,0.787,0.352,moderate,Arunachal Pradesh,Papum Pare
27.055121304030386,93.67490242405115,381.4248837428294,36.4861164090382,196,75.2,0.339,0.553,0.425,moderate,Arunachal Pradesh,Papum Pare
27.081074982845664,93.63661813918314,312.86476581444924,30.726473502275507,48,62.0,0.599,0.613,0.411,moderate,Arunachal Pradesh,Papum Pare
27.119169126414924,93.66392346788655,319.2666147209145,25.39152396272246,343,50.7,0.553,0.56,0.534,high,Arunachal Pradesh,Papum Pare
27.08649744417241,93.70095628749176,388.69209322307825,28.88941441414518,226,35.8,0.584,0.43,0.329,moderate,Arunachal Pradesh,Papum Pare
27.118084414395305,93.6969077638116,340.8079873599498,32.183845284169124,223,86.8,0.654,0.698,0.341,moderate,Arunachal Pradesh,Papum Pare
27.055867103959432,93.66664091919223,282.1195220272091,22.00199648678928,360,59.0,0.223,0.473,0.462,moderate,Arunachal Pradesh,Papum Pare
27.072851210128324,93.69995440741737,295.81449645828684,28.18914439637061,148,100.5,0.533,0.513,0.442,moderate,Arunachal Pradesh,Papum Pare
27.074397255459935,93.66827725036909,308.83517522989285,23.55169247484435,11,73.5,0.313,0.824,0.191,low,Arunachal Pradesh,Papum Pare
27.07732361489294,93.64876695523452,352.456391686495,27.044356899170143,117,28.9,0.489,0.422,0.433,moderate,Arunachal Pradesh,Papum Pare
27.08951501910905,93.71804557481614,258.834610288907,24.337569864354045,100,42.1,0.728,0.545,0.475,moderate,Arunachal Pradesh,Papum Pare
27.121975504152942,93.71583703406581,384.4623166201821,29.227242198969343,25,97.3,0.056,0.383,0.536,high,Arunachal Pradesh,Papum Pare
27.097871603178344,93.70862907277106,342.10773735740185,22.675466070983678,209,49.9,0.583,0.547,0.459,moderate,Arunachal Pradesh,Papum Pare
27.112011791370087,93.70138517032927,346.4908580882064,12.885412998494017,90,36.3,0.568,0.558,0.415,moderate,Arunachal Pradesh,Papum Pare
27.13511677899995,93.69749657657601,303.9987292159451,23.796477251467387,51,42.0,0.564,0.469,0.419,moderate,Arunachal Pradesh,Papum Pare
27.066281217891728,93.68567692525248,346.67289895245705,30.570214937967336,95,43.7,0.66,0.295,0.394,moderate,Arunachal Pradesh,Papum Pare
27.080321675940343,93.69165978948956,302.89984850316836,24.95153277151105,69,50.1,0.42,0.707,0.22,low,Arunachal Pradesh,Papum Pare
27.069579135857005,93.67989995421485,331.5218791769669,19.54977317614599,232,66.8,0.546,0.614,0.361,moderate,Arunachal Pradesh,Papum Pare
27.084611330836807,93.68455024284307,318.78444246510884,25.1179067003094,235,56.6,0.465,0.552,0.535,high,Arunachal Pradesh,Papum Pare
27.07816408169733,93.65054881537758,249.391596067544,26.502982052572122,266,15.8,0.369,0.555,0.164,low,Arunachal Pradesh,Papum Pare
27.08464958362577,93.66765009064169,270.5352718678404,28.24129890790546,255,25.1,0.562,0.501,0.191,low,Arunachal Pradesh,Papum Pare
27.0898122513342,93.68369780235862,360.46565245729704,22.21881800202464,153,55.7,0.429,0.985,0.484,moderate,Arunachal Pradesh,Papum Pare
27.058179449851323,93.70324165601913,380.2669279232683,32.99225134291352,71,31.7,0.493,0.559,0.364,moderate,Arunachal Pradesh,Papum Pare
27.087487391791885,93.71328221420164,264.1570276933017,25.465069401671204,238,34.9,0.298,0.551,0.333,moderate,Arunachal Pradesh,Papum Pare
27.084726557213123,93.70321246916588,305.27343404316304,23.219342982960388,191,36.0,0.473,0.809,0.512,high,Arunachal Pradesh,Papum Pare
27.059722209867033,93.702978157601,283.3287509060112,29.741492681138908,244,81.7,0.455,0.385,0.552,high,Arunachal Pradesh,Papum Pare
27.075956628507807,93.70703185889397,312.5508509823899,24.968540207068994,51,131.9,0.507,0.582,0.517,high,Arunachal Pradesh,Papum Pare
27.08914309822665,93.71580123558454,370.2362686020287,25.767856593578944,313,78.8,0.588,0.546,0.484,moderate,Arunachal Pradesh,Papum Pare
27.074198324858322,93.6909063143368,266.4630410953922,27.182271768262467,263,9.5,0.452,0.539,0.328,moderate,Arunachal Pradesh,Papum Pare
27.132282532294706,93.7135434815174,364.45822533922114,23.00766673953154,338,100.8,0.459,0.524,0.354,moderate,Arunachal Pradesh,Papum Pare
27.085405084870235,93.67881488483143,290.1872961483037,22.308599359581137,112,39.2,0.163,0.495,0.261,moderate,Arunachal Pradesh,Papum Pare
27.06554439969474,93.68322905224551,333.16625707948555,22.45257240778184,280,74.6,0.433,0.644,0.393,moderate,Arunachal Pradesh,Papum Pare
27.087261260120634,93.69672839712705,307.4664883661933,16.29625831083171,112,-33.2,0.21,0.663,0.448,moderate,Arunachal Pradesh,Papum Pare
27.103846693822625,93.7026860627011,375.87431534710066,20.908508127998626,190,-32.9,0.484,0.706,0.148,low,Arunachal Pradesh,Papum Pare
27.112559207184635,93.6684563414271,284.13475740839624,31.466015036528674,269,94.2,0.098,0.54,0.523,high,Arunachal Pradesh,Papum Pare
27.07954081863258,93.71840483234476,348.5116076575796,22.83368913870672,11,75.4,0.588,0.512,0.34,moderate,Arunachal Pradesh,Papum Pare
27.145117408638537,93.68150574749582,383.4782306277634,27.11941505689209,131,28.1,0.448,0.668,0.289,moderate,Arunachal Pradesh,Papum Pare
27.095474918348863,93.68169724031043,414.45157291148683,18.596218936983774,357,63.3,0.453,0.593,0.571,high,Arunachal Pradesh,Papum Pare
27.080381648910716,93.6991791824074,349.9451374476838,29.88284664635185,339,22.5,0.363,0.543,0.2,low,Arunachal Pradesh,Papum Pare
27.08899849742851,93.68138463365894,307.7120239262988,25.20910003040324,189,73.8,0.453,0.673,0.343,moderate,Arunachal Pradesh,Papum Pare
27.11013909438802,93.68509299050619,239.41599796438587,30.452999873155633,146,66.2,0.474,0.677,0.32,moderate,Arunachal Pradesh,Papum Pare
27.05178291889043,93.67029595295486,336.7153331870188,26.22506008550207,4,52.3,0.671,0.446,0.551,high,Arunachal Pradesh,Papum Pare
27.09276370986036,93.66222955268789,329.38700285964967,26.324771786506407,241,68.6,0.528,0.829,0.26,moderate,Arunachal Pradesh,Papum Pare
27.06967011288006,93.65756919691177,279.35187510378177,30.090047446146055,20,57.1,0.472,0.693,0.371,moderate,Arunachal Pradesh,Papum Pare
27.089335791225547,93.6948089907768,433.09581285172595,25.015144007967972,87,63.1,0.511,0.956,0.571,high,Arunachal Pradesh,Papum Pare
27.578897952084706,93.88600200015816,1750.0029877887941,32.99814142848124,70,94.6,0.231,0.432,0.532,high,Arunachal Pradesh,Lower Subansiri
27.585918396015618,93.84064957405064,1628.0539892857316,25.25995508929193,16,87.6,0.481,0.536,0.696,high,Arunachal Pradesh,Lower Subansiri
27.541638339259897,93.86367532149995,1662.7403527524536,36.82726870695383,205,28.6,0.485,0.638,0.521,high,Arunachal Pradesh,Lower Subansiri
27.581792975571297,93.83730776366022,1612.357977689995,31.877102700716264,18,-10.3,0.571,0.63,0.179,low,Arunachal Pradesh,Lower Subansiri
27.577906196898773,93.85278826271109,1764.7984004792133,33.81885299338099,352,85.1,0.496,0.603,0.576,high,Arunachal Pradesh,Lower Subansiri
27.61557326559175,93.83652825474657,1649.7870731976614,22.876111369348646,154,40.6,0.5,0.397,0.488,moderate,Arunachal Pradesh,Lower Subansiri
27.59592562904389,93.86005535299385,1699.5539242265002,30.509105309299102,129,69.0,0.361,0.511,0.498,moderate,Arunachal Pradesh,Lower Subansiri
27.597080376357873,93.81024480295407,1600.6025150889259,32.863275990518545,216,7.8,0.576,0.169,0.507,high,Arunachal Pradesh,Lower Subansiri
27.604961063332617,93.88611461031306,1707.5013003933052,33.25900869947154,47,8.9,0.083,0.553,0.112,low,Arunachal Pradesh,Lower Subansiri
27.590405151982495,93.87636629190867,1793.1072923208724,27.093519123750117,92,-39.2,0.437,0.736,0.436,moderate,Arunachal Pradesh,Lower Subansiri
27.594696015676796,93.83082813912323,1745.4076415058162,30.098745174324865,256,5.2,0.527,0.39,0.295,moderate,Arunachal Pradesh,Lower Subansiri
27.588102748002314,93.83322510393604,1640.5734046664206,33.888950132542526,302,55.1,0.481,0.424,0.319,moderate,Arunachal Pradesh,Lower Subansiri
27.595545725417676,93.82825622025629,1675.8607711810341,23.824795801132503,275,18.6,0.266,0.213,0.501,high,Arunachal Pradesh,Lower Subansiri
27.54484037311545,93.82162788862226,1774.8293325702991,33.61568060949656,213,83.1,0.397,0.544,0.544,high,Arunachal Pradesh,Lower Subansiri
27.578052612726385,93.87372870317928,1647.8743429916992,31.324102285047072,333,110.0,0.257,0.466,0.513,high,Arunachal Pradesh,Lower Subansiri
27.587236803809706,93.85033773362835,1692.6099748914373,33.51085851280116,230,83.1,0.179,0.453,0.376,moderate,Arunachal Pradesh,Lower Subansiri
27.596835197320516,93.82581547026251,1783.7074232130412,22.999840799922538,8,50.1,0.41,0.607,0.468,moderate,Arunachal Pradesh,Lower Subansiri
27.57933322051616,93.87461232232275,1830.2740618376256,34.741227291399106,109,-24.1,0.396,0.609,0.167,low,Arunachal Pradesh,Lower Subansiri
27.60642508823547,93.84025669936666,1683.2540870729817,26.913075888572852,335,12.8,0.36,0.605,0.178,low,Arunachal Pradesh,Lower Subansiri
27.59256155349105,93.84785286733461,1744.9904955361435,36.0595165322071,132,64.0,0.617,0.74,0.581,high,Arunachal Pradesh,Lower Subansiri
27.5597646403636,93.86361290701849,1633.1653475287715,36.508442553012856,147,62.2,0.509,0.546,0.565,high,Arunachal Pradesh,Lower Subansiri
27.629111101038568,93.84481915368531,1690.4622303808949,29.674327322286604,122,36.3,0.575,0.496,0.461,moderate,Arunachal Pradesh,Lower Subansiri
27.6033891311722,93.87989895569278,1657.2102786174596,35.02231206478778,273,97.1,0.504,0.556,0.494,moderate,Arunachal Pradesh,Lower Subansiri
27.619261087656632,93.8668277548817,1658.0717000983545,33.947704545746845,96,35.1,0.417,0.49,0.369,moderate,Arunachal Pradesh,Lower Subansiri
27.600598619718326,93.81573882297917,1703.4978012595557,30.935356194497697,74,28.1,0.368,0.88,0.402,moderate,Arunachal Pradesh,Lower Subansiri
27.6223045051533,93.84732172997418,1660.8802273104588,33.665330614319245,199,30.1,0.553,0.513,0.393,moderate,Arunachal Pradesh,Lower Subansiri
27.578793049754452,93.85616649821769,1646.3737868680173,26.03778570012408,300,58.5,0.246,0.641,0.275,moderate,Arunachal Pradesh,Lower Subansiri
27.56433094482954,93.81234149322512,1602.2243901730644,30.30327295964773,198,49.8,0.344,0.657,0.434,moderate,Arunachal Pradesh,Lower Subansiri
27.59856883441719,93.87327346268044,1761.4771906245917,30.7935051744216,190,37.4,0.529,0.583,0.441,moderate,Arunachal Pradesh,Lower Subansiri
27.594162515667907,93.84276393996095,1725.075050349136,24.39603356985442,287,31.5,0.275,0.757,0.151,low,Arunachal Pradesh,Lower Subansiri
27.5565974795421,93.838410249294,1754.61109180511,36.235775853513985,326,54.1,0.2,0.362,0.467,moderate,Arunachal Pradesh,Lower Subansiri
27.59294077974526,93.84398478895481,1647.9895160331612,42.26017462913878,70,39.4,0.518,0.605,0.381,moderate,Arunachal Pradesh,Lower Subansiri
27.62179053236751,93.80349615676305,1734.971585910564,29.259962184263387,255,31.6,0.14,0.672,0.358,moderate,Arunachal Pradesh,Lower Subansiri
27.573893262925125,93.87705752802634,1766.9734621167165,21.537578363591948,308,40.9,0.518,0.969,0.463,moderate,Arunachal Pradesh,Lower Subansiri
27.590675808358608,93.83180337892483,1734.7101050793678,34.59687775269359,298,38.8,0.36,0.858,0.575,high,Arunachal Pradesh,Lower Subansiri
27.564962294677724,93.84145277534627,1745.8992608100468,22.933878348394778,281,56.8,0.297,0.502,0.646,high,Arunachal Pradesh,Lower Subansiri
27.58366725325779,93.8414962819672,1592.9815181561962,36.5759764431605,159,105.7,0.28,0.237,0.516,high,Arunachal Pradesh,Lower Subansiri
27.595848360492877,93.85162504552885,1751.2204483647865,27.901123197153144,54,77.3,0.324,0.485,0.439,moderate,Arunachal Pradesh,Lower Subansiri
27.597907585957227,93.85651899143036,1786.6215233503083,26.07070285160902,126,56.9,0.372,0.606,0.367,moderate,Arunachal Pradesh,Lower Subansiri
27.607596296785946,93.82822030424595,1722.9059152712573,30.37084172036376,64,65.9,0.445,0.434,0.407,moderate,Arunachal Pradesh,Lower Subansiri
27.59075487029605,93.84906614022758,1648.4617656224432,29.425240056127855,96,86.6,0.729,0.667,0.497,moderate,Arunachal Pradesh,Lower Subansiri
27.560161328504055,93.87328393005541,1680.8263196755165,32.608963872290374,302,27.9,0.405,0.363,0.494,moderate,Arunachal Pradesh,Lower Subansiri
27.612788743379426,93.82916159951158,1685.858933564728,36.81395916764596,0,16.5,0.504,0.525,0.553,high,Arunachal Pradesh,Lower Subansiri
27.597545571577886,93.85840758348847,1671.9870737378676,28.043923037615563,343,80.3,0.379,0.591,0.583,high,Arunachal Pradesh,Lower Subansiri
27.596113752308067,93.85143313721782,1585.7443808326398,37.96073927923549,141,50.4,0.636,0.564,0.581,high,Arunachal Pradesh,Lower Subansiri
27.590303375279422,93.84628219926262,1714.60122955291,32.11620865524313,73,88.0,0.351,0.412,0.41,moderate,Arunachal Pradesh,Lower Subansiri
27.608014687501875,93.84642015264394,1648.17702097526,29.52572226979399,339,76.1,0.573,0.653,0.603,high,Arunachal Pradesh,Lower Subansiri
27.615747494759862,93.82037959430589,1657.625612875233,25.057055765990416,140,62.8,0.603,0.588,0.612,high,Arunachal Pradesh,Lower Subansiri
27.59612400758053,93.81205157183763,1687.3583133460913,23.90554483233064,104,28.9,0.444,0.469,0.458,moderate,Arunachal Pradesh,Lower Subansiri
27.585721850209488,93.8506903827378,1701.6570973007688,24.013129467002585,300,-3.0,0.56,0.627,0.44,moderate,Arunachal Pradesh,Lower Subansiri
27.613789780105446,93.82032245922267,1726.5995852203912,29.0991274781116,245,25.5,0.436,0.566,0.482,moderate,Arunachal Pradesh,Lower Subansiri
27.574697589020268,93.85044354257205,1744.6001450011536,28.10239786195042,74,62.0,0.72,0.659,0.544,high,Arunachal Pradesh,Lower Subansiri
27.584695717795874,93.8782346163214,1713.3276989864619,22.114221211758174,10,87.0,0.553,0.323,0.566,high,Arunachal Pradesh,Lower Subansiri
27.58850260525415,93.86416808388348,1799.6700563565419,26.958545444635188,314,119.5,0.545,0.801,0.736,high,Arunachal Pradesh,Lower Subansiri
27.590327073652315,93.84896792979929,1731.0326953823044,28.855289778746197,353,-10.9,0.246,0.736,0.222,low,Arunachal Pradesh,Lower Subansiri
27.60115556567877,93.87920205383533,1678.431814262644,24.828868268192377,356,53.9,0.245,0.457,0.542,high,Arunachal Pradesh,Lower Subansiri
27.613728451563734,93.84288329592101,1657.5833156540439,33.82671060995037,319,63.4,0.212,0.396,0.356,moderate,Arunachal Pradesh,Lower Subansiri
27.57408089754326,93.85185722116013,1670.0151890822876,33.110732629383804,287,57.4,0.506,0.68,0.508,high,Arunachal Pradesh,Lower Subansiri
27.58362666529525,93.85238685318507,1627.4447386917877,31.270599566949745,37,61.9,0.406,0.475,0.47,moderate,Arunachal Pradesh,Lower Subansiri
27.591241578878993,93.86286464773869,1678.596384213011,30.990390201709424,5,122.6,0.673,0.322,0.634,high,Arunachal Pradesh,Lower Subansiri
27.621253786626273,93.82220072914315,1782.3837851011012,36.283641817919985,313,76.8,0.324,0.765,0.469,moderate,Arunachal Pradesh,Lower Subansiri
27.565401060587234,93.82466647051193,1761.494138050041,32.093729697050726,277,89.9,0.584,0.598,0.451,moderate,Arunachal Pradesh,Lower Subansiri
27.526474397665275,93.85329178639414,1717.612872640012,19.977186927144295,51,75.1,0.619,0.504,0.332,moderate,Arunachal Pradesh,Lower Subansiri
27.572080158855368,93.85739309321922,1653.8550959992115,34.295082015851456,356,83.7,0.505,0.658,0.5,high,Arunachal Pradesh,Lower Subansiri
27.582204883859642,93.83784625798837,1704.031780734572,26.71780424857731,23,75.2,0.611,0.744,0.517,high,Arunachal Pradesh,Lower Subansiri
27.560141826016512,93.85636916178274,1692.100048561897,32.656155134293876,60,47.8,0.302,0.57,0.485,moderate,Arunachal Pradesh,Lower Subansiri
27.591342871604578,93.81134191736093,1618.58978762857,33.169629291703025,81,42.7,0.162,0.381,0.539,high,Arunachal Pradesh,Lower Subansiri
27.57177397598036,93.81046104736771,1754.0089884719978,35.358437513020874,108,46.3,0.403,0.419,0.553,high,Arunachal Pradesh,Lower Subansiri
27.604597958017013,93.87654627281749,1664.5562059719766,19.893648976966183,271,77.8,0.469,0.337,0.612,high,Arunachal Pradesh,Lower Subansiri
27.6302129747027,93.84511989440475,1782.2661414766042,44.330460133228286,272,116.2,0.292,0.82,0.411,moderate,Arunachal Pradesh,Lower Subansiri
27.599946882913635,93.83063533973468,1660.6001263124697,36.25287133527756,10,38.9,0.312,0.462,0.448,moderate,Arunachal Pradesh,Lower Subansiri
27.610894198264457,93.86348614546284,1695.5148476577856,27.507291085973943,27,58.3,0.518,0.574,0.387,moderate,Arunachal Pradesh,Lower Subansiri
27.545246429713476,93.85487772119451,1616.4911762795584,26.02992692885492,69,55.9,0.631,0.62,0.495,moderate,Arunachal Pradesh,Lower Subansiri
27.589085793021834,93.85564395179205,1727.4060306655078,25.13187347047497,37,67.9,0.431,0.741,0.356,moderate,Arunachal Pradesh,Lower Subansiri
27.58761026594936,93.86713535671156,1708.5482005441868,32.36586608988811,218,52.0,0.59,0.451,0.617,high,Arunachal Pradesh,Lower Subansiri
27.58596225648114,93.8409895705978,1720.3579099915676,34.32789016140409,216,-7.1,0.417,0.719,0.468,moderate,Arunachal Pradesh,Lower Subansiri
27.596919500847047,93.86302587916693,1695.0738608410136,28.98979725000199,5,43.1,0.214,0.54,0.322,moderate,Arunachal Pradesh,Lower Subansiri
27.587293396928096,93.84096028908911,1729.9419722816426,37.08427054241817,326,59.7,0.145,0.441,0.253,moderate,Arunachal Pradesh,Lower Subansiri
27.61723506682445,93.86945919633357,1641.2505497668126,28.829959921877634,322,39.3,0.368,0.686,0.648,high,Arunachal Pradesh,Lower Subansiri
27.577209543390733,93.87677169515713,1704.4087715045655,24.310666536621742,148,49.6,0.196,0.464,0.133,low,Arunachal Pradesh,Lower Subansiri
27.567526653858696,93.83374575667378,1630.4978105045773,30.844996256523554,39,50.4,0.283,0.786,0.506,high,Arunachal Pradesh,Lower Subansiri
27.607546322773587,93.85435065849747,1739.693340961738,31.340533187420753,13,82.7,0.627,0.499,0.711,high,Arunachal Pradesh,Lower Subansiri
27.568213209866485,93.86895454017466,1756.082277851346,34.24234633171001,140,59.1,0.413,0.386,0.319,moderate,Arunachal Pradesh,Lower Subansiri
27.598072982817946,93.86197766358761,1694.1121966848136,34.362373136215226,338,20.0,0.371,0.448,0.375,moderate,Arunachal Pradesh,Lower Subansiri
27.585457744083595,93.82404392268259,1742.6074427858598,31.37928207781612,208,74.6,0.439,0.645,0.622,high,Arunachal Pradesh,Lower Subansiri
27.562791481525526,93.82544856951284,1757.5738138687675,30.745736734119607,325,58.1,0.549,0.668,0.393,moderate,Arunachal Pradesh,Lower Subansiri
27.622106746854517,93.86259979448539,1778.0762191850572,25.631940522879773,129,106.5,0.314,0.473,0.555,high,Arunachal Pradesh,Lower Subansiri
27.616720200558508,93.8500755882266,1682.6363868304893,39.84575476022911,90,57.9,0.333,0.377,0.437,moderate,Arunachal Pradesh,Lower Subansiri
27.59969721717944,93.87907063031635,1715.5635063228478,36.67624010175349,204,17.5,0.35,0.633,0.324,moderate,Arunachal Pradesh,Lower Subansiri
27.576439629822886,93.83782015828207,1719.0435267448863,35.720746235561464,342,48.1,0.486,0.762,0.513,high,Arunachal Pradesh,Lower Subansiri
27.613124859933777,93.82610304370769,1742.5984707829152,35.85163806854649,270,37.2,0.289,0.541,0.432,moderate,Arunachal Pradesh,Lower Subansiri
27.583092803418136,93.85056610937026,1594.9901609125627,37.676339346637214,323,37.2,0.43,0.661,0.41,moderate,Arunachal Pradesh,Lower Subansiri
27.592624712463156,93.84481944885337,1658.3904029554483,32.05941500236121,345,28.4,0.49,0.55,0.266,moderate,Arunachal Pradesh,Lower Subansiri
27.610151514496476,93.82501179885949,1660.4506640232003,25.086914134277897,157,24.4,0.538,0.588,0.492,moderate,Arunachal Pradesh,Lower Subansiri
27.59808454476109,93.82740922110324,1762.833590493865,25.76586349935018,55,29.4,0.464,0.5,0.563,high,Arunachal Pradesh,Lower Subansiri
27.606540047932953,93.84720773878814,1743.1455619764738,29.036703169595597,356,24.1,0.541,0.456,0.445,moderate,Arunachal Pradesh,Lower Subansiri
27.625331911231296,93.86304820872267,1695.8221713238584,41.11418600969998,106,92.4,0.486,0.772,0.575,high,Arunachal Pradesh,Lower Subansiri
27.553289644184947,93.8276161568331,1746.090285904959,35.60676586727723,72,104.9,0.347,0.613,0.667,high,Arunachal Pradesh,Lower Subansiri
27.548537188961735,93.85779402688092,1699.21354813675,31.104277171028606,101,54.5,0.339,0.51,0.353,moderate,Arunachal Pradesh,Lower Subansiri
27.60774963143196,93.87072753191407,1702.1421567945677,29.995055731694166,208,50.7,0.466,0.474,0.377,moderate,Arunachal Pradesh,Lower Subansiri
28.051907075385355,95.31466961875093,157.34892798800823,13.552742163646656,199,79.4,0.21,0.873,0.251,moderate,Arunachal Pradesh,East Siang
28.065473620073277,95.30603796777847,264.95809201724444,18.579633941995084,106,113.1,0.615,0.714,0.34,moderate,Arunachal Pradesh,East Siang
28.071744435468464,95.32040849594662,201.80001830961325,22.854165713452275,6,94.1,-0.066,0.62,0.319,moderate,Arunachal Pradesh,East Siang
28.06857639274335,95.34627395321125,180.02869844396784,17.667852024217606,212,51.0,0.546,0.32,0.404,moderate,Arunachal Pradesh,East Siang
28.05578465414615,95.31827871219663,170.01085325823013,16.69136015055737,309,103.7,0.245,0.486,0.315,moderate,Arunachal Pradesh,East Siang
28.064288829213922,95.35423357964562,162.6037342054344,22.971309020831015,244,63.9,0.433,0.296,0.355,moderate,Arunachal Pradesh,East Siang
28.082508434255438,95.36454311747724,174.0974292622552,20.91440789629841,308,46.2,0.429,0.877,0.549,high,Arunachal Pradesh,East Siang
28.062336711320647,95.33432212464749,225.51959279159516,14.88383788614478,150,38.3,0.398,0.421,0.339,moderate,Arunachal Pradesh,East Siang
28.067222722718316,95.3330778884616,164.61500956132807,14.444313957324361,202,75.4,0.536,0.591,0.386,moderate,Arunachal Pradesh,East Siang
28.097283138002517,95.34878957056011,68.33016421018264,22.31256021515673,21,-20.4,0.569,0.543,0.096,low,Arunachal Pradesh,East Siang
28.057031367647593,95.34541386964308,82.92224400731334,12.23087879930798,13,107.4,0.294,0.843,0.458,moderate,Arunachal Pradesh,East Siang
28.081430420864134,95.37808127571013,159.22321074519323,14.195406316929661,174,15.6,0.549,0.87,0.356,moderate,Arunachal Pradesh,East Siang
28.04926805570387,95.3199174796813,185.2027134574007,13.698666901696637,287,15.9,0.618,0.455,0.304,moderate,Arunachal Pradesh,East Siang
28.067120983279914,95.36316127532372,191.03969251520238,18.93359765949677,283,39.7,0.335,0.595,0.403,moderate,Arunachal Pradesh,East Siang
28.063176948563214,95.35172123410014,123.54556608961926,12.516971216000512,270,86.7,0.406,0.457,0.428,moderate,Arunachal Pradesh,East Siang
28.068916514393365,95.32346323671909,127.70664852041469,13.247924774525309,355,56.0,0.435,0.565,0.437,moderate,Arunachal Pradesh,East Siang
28.063601374265605,95.32643802862408,139.0125658059779,24.334041874978336,8,105.4,0.432,0.077,0.473,moderate,Arunachal Pradesh,East Siang
28.047879249320427,95.34547311269422,47.75259361965237,12.721969721521802,215,42.7,0.239,0.541,0.458,moderate,Arunachal Pradesh,East Siang
28.062706292261943,95.3542985573399,101.40602499106001,13.861129838657828,346,54.1,0.205,0.364,0.433,moderate,Arunachal Pradesh,East Siang
28.063010584630753,95.35375242578434,122.17229751540171,21.668359121185915,291,13.2,0.019,0.247,0.26,moderate,Arunachal Pradesh,East Siang
28.052784388114066,95.32995258038774,55.369890454323425,8.786383512976863,99,50.3,0.534,0.575,0.36,moderate,Arunachal Pradesh,East Siang
28.074987029093496,95.31669548122314,171.49507465368535,9.506201201021895,220,110.4,0.309,0.773,0.523,high,Arunachal Pradesh,East Siang
28.051122020988362,95.27229755640576,105.35134036846489,18.85116478722163,60,18.3,0.509,0.692,0.228,low,Arunachal Pradesh,East Siang
28.076417445623363,95.34238540901904,5.153270107247238,11.88563819835715,116,19.9,0.441,0.717,0.164,low,Arunachal Pradesh,East Siang
28.060335791810786,95.34141638187869,180.97157173124936,17.15731128753718,287,29.0,0.387,0.452,0.169,low,Arunachal Pradesh,East Siang
28.11053583374069,95.29946546704255,174.01395941192408,16.371559864916197,72,52.5,0.115,0.829,0.22,low,Arunachal Pradesh,East Siang
28.081776040432043,95.29702139953201,84.4496978642414,22.715243265121263,278,81.7,0.288,0.516,0.377,moderate,Arunachal Pradesh,East Siang
28.055582967021955,95.34312944203593,138.78974292379968,19.073219141916702,110,35.7,0.257,0.524,0.442,moderate,Arunachal Pradesh,East Siang
28.065585594625336,95.31967974051558,177.46796180530387,23.704753041192035,292,84.3,0.416,0.35,0.481,moderate,Arunachal Pradesh,East Siang
28.073432931587178,95.3101227576775,194.4709528431425,23.358159620021986,159,14.7,0.691,0.76,0.421,moderate,Arunachal Pradesh,East Siang
28.07593788176888,95.31959433724937,155.03242281998337,17.77881593566937,341,64.0,0.303,0.787,0.191,low,Arunachal Pradesh,East Siang
28.076222260356484,95.33258215363612,197.61167647499246,10.659644835527232,257,69.2,0.272,0.309,0.492,moderate,Arunachal Pradesh,East Siang
28.08660543431536,95.29666813409021,274.0124157489053,19.92219182252366,192,53.7,0.459,0.622,0.464,moderate,Arunachal Pradesh,East Siang
28.039019908581093,95.30548760095989,131.17600470668964,22.94995068012796,90,9.3,0.364,0.527,0.318,moderate,Arunachal Pradesh,East Siang
28.052379936364662,95.308127026587,200.55524322947662,19.489652718744676,326,73.7,0.262,0.804,0.141,low,Arunachal Pradesh,East Siang
28.067659381136114,95.34167087937422,142.86196571731938,12.67740841262998,71,49.0,0.427,0.388,0.346,moderate,Arunachal Pradesh,East Siang
28.072581057045394,95.33301025632558,179.91447578106508,10.107802450474376,251,42.4,0.148,0.483,0.292,moderate,Arunachal Pradesh,East Siang
28.095655305813164,95.32708315382524,171.94372102593005,17.234771555492582,134,41.2,0.123,0.851,0.114,low,Arunachal Pradesh,East Siang
28.0830714714423,95.32753175258787,134.28940472209246,18.61772777621886,67,119.7,0.45,0.497,0.408,moderate,Arunachal Pradesh,East Siang
28.041431842399177,95.3721842020595,203.64844308424244,21.9587403379303,40,75.0,0.363,0.53,0.308,moderate,Arunachal Pradesh,East Siang
28.06646425580239,95.32272108301743,180.30577811758073,22.181413856311142,112,30.2,0.423,0.877,0.25,low,Arunachal Pradesh,East Siang
28.085766756276566,95.34729603535737,113.81689164083227,15.952351761104442,62,50.0,0.289,0.328,0.311,moderate,Arunachal Pradesh,East Siang
28.060589928842393,95.35509442304395,150.43154946715677,14.995148372695109,296,62.0,0.552,0.696,0.283,moderate,Arunachal Pradesh,East Siang
28.07878508332515,95.32849964564474,129.17720552109247,34.04809137767033,121,42.7,0.474,0.408,0.41,moderate,Arunachal Pradesh,East Siang
28.025212502706445,95.32023027952243,222.97923759146641,13.382807296546705,255,6.7,0.468,0.625,0.154,low,Arunachal Pradesh,East Siang
28.0746462841593,95.33747378073073,62.43862930018744,18.490420316185617,274,40.9,0.32,0.56,0.303,moderate,Arunachal Pradesh,East Siang
28.082105527908254,95.32797948968974,76.96135719425104,15.672821625745128,251,56.5,0.338,0.613,0.431,moderate,Arunachal Pradesh,East Siang
28.079709112966665,95.31920560396743,171.42411593686637,14.64977212095852,58,59.8,0.177,0.316,0.385,moderate,Arunachal Pradesh,East Siang
28.084179445110564,95.33262710992771,155.2160020648864,5.325087876283112,11,60.8,0.324,0.495,0.255,moderate,Arunachal Pradesh,East Siang
28.032505920494113,95.35625236726867,196.8258229176893,21.878294814263448,31,3.3,0.411,0.345,0.213,low,Arunachal Pradesh,East Siang
28.072101828561895,95.31893873828955,167.54806219945112,13.402308001721876,1,-8.0,0.603,0.563,0.348,moderate,Arunachal Pradesh,East Siang
28.073026011254033,95.34829243568467,145.2298577759766,16.115318104090562,201,38.1,0.459,0.5,0.264,moderate,Arunachal Pradesh,East Siang
28.116921714279087,95.32671431744612,135.28176724435542,13.302541284065173,76,30.9,0.202,0.685,0.24,low,Arunachal Pradesh,East Siang
28.080859023583884,95.3287460139446,35.057180750881045,12.551039470939866,304,46.0,0.219,0.562,0.216,low,Arunachal Pradesh,East Siang
28.072592225086407,95.35783192950284,70.55787418621665,15.726516722629885,8,86.8,0.346,0.328,0.375,moderate,Arunachal Pradesh,East Siang
28.084724015000454,95.28306910869962,142.07829682465058,14.625761096403876,277,65.0,0.377,0.805,0.227,low,Arunachal Pradesh,East Siang
28.09837163827704,95.32441499648286,134.68412389329433,24.510901202944705,312,6.3,0.497,0.526,0.183,low,Arunachal Pradesh,East Siang
28.046016969784198,95.33748323876662,67.01114020776781,20.384213431433185,18,7.8,0.384,0.476,0.177,low,Arunachal Pradesh,East Siang
28.0860316380043,95.31759618747172,129.48760002090756,20.09720653463531,336,39.1,0.248,0.491,0.325,moderate,Arunachal Pradesh,East Siang
28.094349097341013,95.34298868639345,140.89918789457036,10.75444314753219,236,77.1,0.722,0.41,0.484,moderate,Arunachal Pradesh,East Siang
28.038307678783518,95.29884424358958,75.43625440716994,17.70964647269033,78,13.0,0.406,0.486,0.294,moderate,Arunachal Pradesh,East Siang
28.075576813307478,95.3297963930951,127.80869156433204,14.5705360140132,268,58.2,0.333,0.451,0.329,moderate,Arunachal Pradesh,East Siang
28.04907379068562,95.35265756812164,209.74885339090912,13.050868153086135,184,93.1,0.401,0.44,0.259,moderate,Arunachal Pradesh,East Siang
28.06461559413082,95.33150449163455,140.89982715692477,15.316128675482268,277,51.0,0.251,0.531,0.208,low,Arunachal Pradesh,East Siang
28.080014670838374,95.35220087663748,106.46993643649944,19.223773993259716,71,72.3,0.622,0.621,0.341,moderate,Arunachal Pradesh,East Siang
28.062878175345137,95.32202861358205,90.87427308163068,16.663483349486697,137,16.8,0.62,0.491,0.443,moderate,Arunachal Pradesh,East Siang
28.028738554770765,95.31767938988881,134.05934238339856,16.972586016055672,207,63.9,0.126,0.612,0.524,high,Arunachal Pradesh,East Siang
28.05222801028348,95.32625663889718,212.3307649006159,17.616919060129053,175,56.3,0.452,0.493,0.271,moderate,Arunachal Pradesh,East Siang
28.075457727706002,95.3603168836606,117.13840324721542,23.699272308697697,351,-10.5,0.653,0.721,0.448,moderate,Arunachal Pradesh,East Siang
28.051470391438254,95.32267256090925,73.15236324535562,27.189761547307832,250,35.4,0.478,0.727,0.285,moderate,Arunachal Pradesh,East Siang
28.08749507097345,95.3317239365866,79.732552627109,18.57959850968529,133,-24.5,0.355,0.732,0.107,low,Arunachal Pradesh,East Siang
28.05917609361582,95.30861534119268,53.901021625453026,12.690553242731422,57,53.2,0.497,0.497,0.317,moderate,Arunachal Pradesh,East Siang
28.078979564241596,95.3143770122184,162.79150167018602,26.846124877864682,44,84.8,0.296,0.601,0.424,moderate,Arunachal Pradesh,East Siang
28.05295694122721,95.33510550423165,143.82172546350995,20.102698446633685,88,60.9,0.313,0.503,0.415,moderate,Arunachal Pradesh,East Siang
28.083818571527438,95.30990523728562,158.92094334087702,23.255886698032725,162,8.3,0.633,0.62,0.175,low,Arunachal Pradesh,East Siang
28.06063395252556,95.30285239763441,249.86113925802806,25.75812804749949,44,122.9,0.508,0.521,0.686,high,Arunachal Pradesh,East Siang
28.079662650154734,95.32672393163413,107.55816297919702,14.916202774261144,30,77.4,0.431,0.35,0.441,moderate,Arunachal Pradesh,East Siang
28.060598709880242,95.34122183996705,91.3810358218928,17.42862545628781,178,5.0,0.225,0.551,0.186,low,Arunachal Pradesh,East Siang
28.099536312060224,95.31200025844733,47.17909534710125,24.27786672148969,298,-1.5,0.582,0.726,0.188,low,Arunachal Pradesh,East Siang
28.06635447642817,95.34155223612281,109.64251236518447,18.207849579351265,172,-3.1,0.389,0.396,0.263,moderate,Arunachal Pradesh,East Siang
28.067752852968418,95.30918062212889,89.21986638394998,25.58436197576176,314,113.1,0.366,0.511,0.585,high,Arunachal Pradesh,East Siang
28.076116213588204,95.33564720059823,104.20128093789373,4.380749729591715,13,41.6,0.572,0.48,0.477,moderate,Arunachal Pradesh,East Siang
28.076153395764152,95.31169837180819,164.23962637037937,25.15952814195495,118,88.4,0.621,0.583,0.421,moderate,Arunachal Pradesh,East Siang
28.079904391440746,95.32945181561797,134.92485676758358,21.880786933948876,106,69.8,0.449,0.375,0.244,low,Arunachal Pradesh,East Siang
28.052918167101154,95.31110719582969,164.5097301632256,20.093848486955064,155,77.3,0.405,0.649,0.383,moderate,Arunachal Pradesh,East Siang
28.046838126504415,95.30825988432017,234.3125412439003,28.102771615907855,353,42.2,0.577,0.44,0.287,moderate,Arunachal Pradesh,East Siang
28.024445680878625,95.34768492790215,137.28615419597568,15.770476572494093,3,71.2,0.394,0.347,0.429,moderate,Arunachal Pradesh,East Siang
28.08440494619825,95.32199113183468,173.05075901692084,17.409770907968973,111,89.8,0.611,0.783,0.406,moderate,Arunachal Pradesh,East Siang
28.068943095531406,95.31704321124789,185.8419087520934,19.28695915185621,73,56.3,0.313,0.284,0.295,moderate,Arunachal Pradesh,East Siang
28.100524660812756,95.34186083485542,200.53585010246204,14.009925539074704,212,81.2,0.251,0.403,0.27,moderate,Arunachal Pradesh,East Siang
28.08187424312765,95.3318214984518,95.49009932231729,19.070980755664277,44,48.6,0.488,0.516,0.232,low,Arunachal Pradesh,East Siang
28.054857651478798,95.33345857315389,218.34842910294077,16.92701406292685,136,40.5,0.319,0.609,0.366,moderate,Arunachal Pradesh,East Siang
28.057325414212748,95.35470838517111,68.77565892632526,17.407019554924418,342,20.9,0.415,0.783,0.063,low,Arunachal Pradesh,East Siang
28.075289378686485,95.33395839800095,209.12777098425025,12.165144602103858,61,48.5,0.253,0.489,0.234,low,Arunachal Pradesh,East Siang
28.040237265532028,95.34116135929915,168.16454429105963,24.310961204249264,298,38.6,0.326,0.449,0.314,moderate,Arunachal Pradesh,East Siang
28.08226409551473,95.35317829008488,91.94202500777303,15.18260008525083,210,123.5,0.322,0.669,0.402,moderate,Arunachal Pradesh,East Siang
28.055398365589358,95.3078479244919,131.66294696500614,15.166097669073913,281,105.0,0.147,0.521,0.207,low,Arunachal Pradesh,East Siang
28.104407798046594,95.32211611208791,193.41542550872202,13.092172449383694,163,89.5,0.651,0.485,0.543,high,Arunachal Pradesh,East Siang
28.049898434780022,95.30421710335689,180.99393028561286,15.634923739849498,201,25.8,0.356,0.399,0.338,moderate,Arunachal Pradesh,East Siang
28.06910668713852,95.36648298253394,165.722068101071,11.211293632510806,59,32.3,0.747,0.445,0.334,moderate,Arunachal Pradesh,East Siang
27.57407786822726,91.88482494997534,3056.7116531097327,49.692125157847485,28,63.8,0.548,0.685,0.432,moderate,Arunachal Pradesh,Tawang
27.61296844458729,91.86304259334159,3065.478964090292,55.64728737730417,167,28.3,0.594,0.341,0.486,moderate,Arunachal Pradesh,Tawang
27.589252886663576,91.88349325313187,2987.4373754081244,36.07307080313501,68,97.6,0.682,0.721,0.659,high,Arunachal Pradesh,Tawang
27.574218722228345,91.87633671776523,3077.1840192690356,45.37352541943737,283,58.1,0.255,0.625,0.352,moderate,Arunachal Pradesh,Tawang
27.546086187144926,91.87913196621659,2977.763225495395,50.86442494126906,354,-4.6,0.419,0.484,0.363,moderate,Arunachal Pradesh,Tawang
27.59737080349931,91.90612142181047,3034.041726323844,49.09193421852284,20,47.1,0.166,0.425,0.611,high,Arunachal Pradesh,Tawang
27.563567071040154,91.85092648490337,3088.08653832655,42.84450191410394,56,57.2,0.516,0.441,0.828,critical,Arunachal Pradesh,Tawang
27.604037590055885,91.86127081934721,3067.966206884743,47.03795135979459,76,23.2,0.434,0.808,0.313,moderate,Arunachal Pradesh,Tawang
27.58586605122397,91.85046159672402,3075.8299762514134,49.82746351058945,141,38.7,0.329,0.871,0.39,moderate,Arunachal Pradesh,Tawang
27.586656686880694,91.88187308010797,2999.3923364875354,50.85061031818072,107,22.2,0.199,0.623,0.591,high,Arunachal Pradesh,Tawang
27.56331140081515,91.89696396512115,3045.1656963916453,45.53835940255661,80,36.3,0.237,0.492,0.48,moderate,Arunachal Pradesh,Tawang
27.557261514438505,91.88613004397553,3112.4081817316087,50.25065291097392,344,83.7,0.554,0.499,0.563,high,Arunachal Pradesh,Tawang
27.590283199108967,91.88920821293277,3038.3711551273473,42.647737191602545,175,62.4,0.439,0.485,0.634,high,Arunachal Pradesh,Tawang
27.594973584873134,91.90645425687302,3046.2513323524636,46.63775535648455,292,14.0,0.109,0.572,0.201,low,Arunachal Pradesh,Tawang
27.598541068732363,91.90615363518926,3026.4730685678373,44.35247702019687,266,60.4,0.537,0.556,0.628,high,Arunachal Pradesh,Tawang
27.578413048862185,91.91450124139051,3019.3856704367627,41.60467842196031,71,90.6,0.555,0.536,0.724,high,Arunachal Pradesh,Tawang
27.60386150765276,91.90016628976358,3041.4067823456244,48.65455892706907,302,102.5,0.26,0.432,0.613,high,Arunachal Pradesh,Tawang
27.56012863849332,91.90414365581195,3078.260666251135,40.42173784327899,0,70.1,0.673,0.689,0.643,high,Arunachal Pradesh,Tawang
27.607337994652003,91.90221470346022,3038.718789895584,48.0200749883918,49,57.1,0.302,0.449,0.453,moderate,Arunachal Pradesh,Tawang
27.609196682330506,91.8699911040194,3000.030195186158,46.77992548589751,66,54.4,0.563,0.611,0.651,high,Arunachal Pradesh,Tawang
27.586812613868773,91.87551404852336,3163.1438942477475,47.28283906968368,216,51.7,0.434,0.843,0.471,moderate,Arunachal Pradesh,Tawang
27.583893580033713,91.89187931230646,3008.428064143036,44.310771477494065,43,79.6,0.545,0.36,0.689,high,Arunachal Pradesh,Tawang
27.597389324476264,91.89160354507652,2984.8291317481917,39.29443692220504,175,-4.2,0.525,0.657,0.481,moderate,Arunachal Pradesh,Tawang
27.584331064552664,91.8781834877187,3017.7165730419497,38.43471249801921,16,18.7,0.736,0.717,0.725,high,Arunachal Pradesh,Tawang
27.566580594416347,91.89310131547126,3109.323419003376,44.331956214719355,188,50.0,0.477,0.306,0.459,moderate,Arunachal Pradesh,Tawang
27.556699848103175,91.86137380502397,3024.3362463819267,51.343195186302616,88,3.3,0.522,0.447,0.439,moderate,Arunachal Pradesh,Tawang
27.594206135038526,91.85930703179972,3063.018882896177,48.02578367014496,30,71.5,0.362,0.594,0.55,high,Arunachal Pradesh,Tawang
27.62942413765999,91.88733867850151,3064.774055036942,41.87296412179533,51,56.4,0.134,0.508,0.526,high,Arunachal Pradesh,Tawang
27.58076054981534,91.88271936604187,3070.5622697191484,48.18654407962915,343,27.1,0.438,0.713,0.47,moderate,Arunachal Pradesh,Tawang
27.600250261376114,91.89151715952406,3067.487617215762,48.78295783440778,260,40.5,0.453,0.298,0.471,moderate,Arunachal Pradesh,Tawang
27.587062882748473,91.88808216106386,3144.521448522059,50.98920758541142,184,81.8,0.443,0.554,0.748,high,Arunachal Pradesh,Tawang
27.578009037395198,91.88575856550717,3051.089868555074,48.88526368463744,222,123.1,0.33,0.45,0.711,high,Arunachal Pradesh,Tawang
27.56706589075965,91.88951167928981,3047.709990031764,49.2271249637962,61,65.4,0.568,0.412,0.627,high,Arunachal Pradesh,Tawang
27.59061550322384,91.85305973792342,3098.455954769226,55.585729263849,225,24.9,0.349,0.821,0.477,moderate,Arunachal Pradesh,Tawang
27.59707755378131,91.89503010484937,3082.126104187665,49.45326775195154,70,100.5,0.265,0.674,0.558,high,Arunachal Pradesh,Tawang
27.568733597638992,91.89205669883643,3031.3597967637675,52.15688321881366,301,39.4,0.238,0.961,0.526,high,Arunachal Pradesh,Tawang
27.56364285235507,91.88202076234788,3059.8273228190874,47.28975239943911,335,61.1,0.409,0.671,0.65,high,Arunachal Pradesh,Tawang
27.59703598119874,91.85675522031637,3023.7420565353264,40.54471196088013,356,48.2,0.51,0.572,0.455,moderate,Arunachal Pradesh,Tawang
27.61808802980274,91.89407255469284,3114.256680744838,49.80349409134595,256,49.7,0.412,0.552,0.913,critical,Arunachal Pradesh,Tawang
27.541854208696872,91.88085835846951,3060.7570688087867,41.996885477001456,252,88.9,0.447,0.427,0.557,high,Arunachal Pradesh,Tawang
27.57147233133454,91.84633821949133,3000.9138981925653,52.299604745945736,149,22.1,0.234,0.614,0.596,high,Arunachal Pradesh,Tawang
27.536840278894847,91.88466085361081,2983.2363572365884,48.611318348860685,127,102.5,0.596,0.632,0.685,high,Arunachal Pradesh,Tawang
27.58172646534476,91.82792575983761,3015.5088842609,42.11343332633445,298,51.9,0.492,0.508,0.649,high,Arunachal Pradesh,Tawang
27.61994512468143,91.89519748280307,3038.8192657142877,58.32560700539409,338,36.6,0.369,0.341,0.437,moderate,Arunachal Pradesh,Tawang
27.617773755494543,91.85813597735091,3088.495879036417,51.169446150903305,81,63.3,0.48,0.708,0.627,high,Arunachal Pradesh,Tawang
27.58367962311446,91.91886237718964,3099.2624662881467,44.37002516481248,42,26.6,0.214,0.4,0.388,moderate,Arunachal Pradesh,Tawang
27.551669605208996,91.85651933711397,3058.2359432132935,42.64134306767448,75,54.2,0.627,0.551,0.489,moderate,Arunachal Pradesh,Tawang
27.598213703747934,91.8597218384465,3012.753195185993,45.83558025730015,338,60.0,0.362,0.52,0.588,high,Arunachal Pradesh,Tawang
27.62413222991776,91.8614899602779,3038.9040944874837,50.571304312002574,61,-5.1,0.386,0.787,0.215,low,Arunachal Pradesh,Tawang
27.60934078647354,91.86849305421602,2992.6732770836984,50.176333587810596,224,-8.9,0.493,0.439,0.571,high,Arunachal Pradesh,Tawang
27.5658223412182,91.8748064204881,3016.3633908141137,54.70145283767542,92,84.0,0.323,0.582,0.623,high,Arunachal Pradesh,Tawang
27.610253395320562,91.89571505660432,3073.3155818128257,49.47646218625484,255,66.1,0.277,0.724,0.624,high,Arunachal Pradesh,Tawang
27.547627347149714,91.90001741512972,3095.1254730703704,54.52386084675182,200,31.7,0.222,0.602,0.357,moderate,Arunachal Pradesh,Tawang
27.575601246590587,91.8681467152603,3017.3878719223612,46.088404292220716,60,-48.5,0.135,0.705,0.251,moderate,Arunachal Pradesh,Tawang
27.582333389192687,91.88475095703726,3105.8957635042448,43.77062827402461,90,47.1,0.665,0.589,0.507,high,Arunachal Pradesh,Tawang
27.59118503345297,91.91161829755998,2995.1627312403507,54.8970140314379,235,5.2,0.418,0.618,0.354,moderate,Arunachal Pradesh,Tawang
27.597891387982333,91.90599832357942,3133.5265961141176,40.437579623151365,359,-1.8,0.255,0.433,0.324,moderate,Arunachal Pradesh,Tawang
27.57732650393393,91.83397453244885,3012.5211574497225,49.68838158224565,261,13.6,0.181,0.415,0.55,high,Arunachal Pradesh,Tawang
27.594875204249078,91.88663840987341,3094.545982163439,47.44838877463287,124,45.8,0.451,0.742,0.557,high,Arunachal Pradesh,Tawang
27.559880342956113,91.87958428761941,3056.669164813027,44.56487852602379,273,64.0,0.264,0.475,0.56,high,Arunachal Pradesh,Tawang
27.532667990053657,91.90271836975779,3025.3460643547523,49.7529253823752,269,12.5,0.536,0.556,0.545,high,Arunachal Pradesh,Tawang
27.601565838335702,91.88655209830651,3068.838822977071,57.174204012321724,300,13.0,0.466,0.363,0.586,high,Arunachal Pradesh,Tawang
27.614499246974457,91.87769142525475,3096.0693486039163,55.92727180728588,104,126.5,0.107,0.552,0.806,critical,Arunachal Pradesh,Tawang
27.60041229218048,91.86873959517455,3062.856702049903,47.82191204081272,130,46.8,0.33,0.605,0.695,high,Arunachal Pradesh,Tawang
27.57252389096686,91.8382287453624,2968.1060161478495,57.61855285726602,154,34.5,0.562,0.338,0.689,high,Arunachal Pradesh,Tawang
27.56217501899101,91.8470836080654,3034.934991912058,44.221669057966224,290,26.6,0.403,0.432,0.46,moderate,Arunachal Pradesh,Tawang
27.622858088938315,91.851989970632,3103.214694770453,50.40310556051162,358,-0.1,0.545,0.308,0.549,high,Arunachal Pradesh,Tawang
27.53807395390602,91.86551788151155,3035.1072108568887,38.05288316671302,236,48.0,0.586,0.554,0.457,moderate,Arunachal Pradesh,Tawang
27.552759533760895,91.90002676866901,3076.370368123734,50.18884274838735,167,58.4,0.327,0.528,0.677,high,Arunachal Pradesh,Tawang
27.55945553275827,91.87212234924338,2960.2424779368957,45.840350827034186,127,1.7,0.166,0.295,0.274,moderate,Arunachal Pradesh,Tawang
27.57702310123528,91.90201733642043,2978.3266568486056,44.86879917323733,46,37.5,0.212,0.487,0.389,moderate,Arunachal Pradesh,Tawang
27.595806448499616,91.88313872752694,3092.7813831425715,53.06452907809878,92,31.3,0.577,0.818,0.512,high,Arunachal Pradesh,Tawang
27.579590321594114,91.86147246803264,3032.179537172572,43.62582889195946,36,92.7,0.482,0.409,0.694,high,Arunachal Pradesh,Tawang
27.558467891259752,91.86103355708875,3000.8716875517434,46.295264626638584,215,19.0,0.425,0.535,0.438,moderate,Arunachal Pradesh,Tawang
27.570548707479016,91.8785719573342,3036.216018095654,49.21772040888817,248,37.9,0.542,0.53,0.521,high,Arunachal Pradesh,Tawang
27.59190532780448,91.86422033017068,3085.3291511385587,47.318848560723985,24,56.7,0.402,0.441,0.481,moderate,Arunachal Pradesh,Tawang
27.59327101554617,91.84796070540419,2997.939226042638,46.13518720925827,254,42.2,0.54,0.338,0.74,high,Arunachal Pradesh,Tawang
27.60576300756475,91.83813222041506,3008.393202892567,57.19255956161971,250,27.4,0.471,0.468,0.566,high,Arunachal Pradesh,Tawang
27.589485583109916,91.86317771791737,3033.1791678998306,51.20522788110217,259,51.1,0.263,0.702,0.443,moderate,Arunachal Pradesh,Tawang
27.56155480210381,91.90618613925504,3110.172401553583,41.85157151102455,324,52.5,0.366,0.751,0.687,high,Arunachal Pradesh,Tawang
27.57164857196033,91.89091840194227,3019.969560180404,45.732855928669125,27,62.5,0.543,0.535,0.588,high,Arunachal Pradesh,Tawang
27.594454651373997,91.88778239063853,3083.5701961147834,55.68957246366695,231,119.4,0.42,0.287,0.823,critical,Arunachal Pradesh,Tawang
27.55835709627042,91.89975755922801,3010.3455050513094,44.75223599847076,53,-5.7,0.535,0.491,0.38,moderate,Arunachal Pradesh,Tawang
27.619090984501213,91.85920890177009,3063.1668706100213,44.512322000324154,264,71.4,0.458,0.616,0.608,high,Arunachal Pradesh,Tawang
27.576677325323,91.87780202607888,2927.788162192014,40.49662104516379,246,-10.8,0.035,0.875,0.346,moderate,Arunachal Pradesh,Tawang
27.598533655921713,91.90381257118105,3098.596024276083,46.06151674678569,6,27.5,-0.05,0.762,0.555,high,Arunachal Pradesh,Tawang
27.59633644392655,91.8422427210887,3014.11439679686,43.976830542288255,75,71.7,0.35,0.708,0.702,high,Arunachal Pradesh,Tawang
27.590484098251707,91.9134762649712,3012.352961582765,48.47944243914284,177,41.7,0.066,0.724,0.505,high,Arunachal Pradesh,Tawang
27.56797329306776,91.88448335661833,3060.7727531918013,45.240828397648016,135,34.0,0.171,0.674,0.383,moderate,Arunachal Pradesh,Tawang
27.58104631884237,91.86631724499908,3030.803732794963,51.41203295008723,137,67.6,0.37,0.705,0.686,high,Arunachal Pradesh,Tawang
27.566447054827453,91.90150815332284,3033.1859728881636,50.382371563400056,100,93.1,0.466,0.434,0.713,high,Arunachal Pradesh,Tawang
27.639031310274998,91.85691459750352,3034.281955822767,54.053791858653526,251,56.8,0.351,0.613,0.613,high,Arunachal Pradesh,Tawang
27.554080512929126,91.89301322893584,3051.3135464493134,44.284767825313374,150,32.7,0.21,0.575,0.451,moderate,Arunachal Pradesh,Tawang
27.59955994284486,91.9152993274418,2974.2504856333494,46.16087005197824,37,22.3,0.221,0.596,0.522,high,Arunachal Pradesh,Tawang
27.58835982170737,91.8729187445851,3075.174056039141,35.4883274988367,21,72.4,0.316,0.737,0.584,high,Arunachal Pradesh,Tawang
27.64151025880839,91.87802155848225,3019.5005164702698,53.59336374578666,74,48.5,0.637,0.601,0.697,high,Arunachal Pradesh,Tawang
27.58415297735866,91.88507186360401,3116.1857278103794,44.29777323368858,324,43.3,0.716,0.497,0.683,high,Arunachal Pradesh,Tawang
27.56977893030931,91.88265588658594,3127.5193776156907,42.596086472824105,176,47.8,0.22,0.517,0.43,moderate,Arunachal Pradesh,Tawang
27.576105496150053,91.8920426778302,3106.146811025854,50.03119161784981,273,74.2,0.392,0.544,0.761,critical,Arunachal Pradesh,Tawang
27.552662880415756,91.89075402512763,3104.0121483585576,52.46741142368059,333,83.2,0.242,0.344,0.642,high,Arunachal Pradesh,Tawang
25.440699434223458,93.17361451369217,623.1239890752163,42.5946862658882,338,51.9,0.131,0.496,0.354,moderate,Assam,Dima Hasao
25.39765990432906,93.15153348706149,594.763621546283,39.50169013148859,353,48.7,0.587,0.392,0.606,high,Assam,Dima Hasao
25.43892127188244,93.14351746986108,755.730550002856,46.84794813113411,348,29.1,0.325,0.721,0.38,moderate,Assam,Dima Hasao
25.44642968001404,93.15322822286348,679.29160161765,36.10052727455453,129,68.9,0.511,0.613,0.528,high,Assam,Dima Hasao
25.453230833949576,93.20161362159287,643.4459585140072,40.5040259351728,52,57.3,0.471,0.605,0.609,high,Assam,Dima Hasao
25.494144868393377,93.1884451075828,736.9113477879922,49.61857948370243,107,58.6,0.46,0.435,0.404,moderate,Assam,Dima Hasao
25.409936894694262,93.1586023061105,692.5493697298031,43.20926532846847,59,86.0,0.381,0.502,0.534,high,Assam,Dima Hasao
25.44292142496711,93.16156026989223,657.4218990757521,41.99442988603238,15,71.6,0.41,0.571,0.495,moderate,Assam,Dima Hasao
25.457355051386372,93.15831249942612,674.3315270652074,41.4919859919452,42,7.7,0.389,0.459,0.274,moderate,Assam,Dima Hasao
25.479730574666725,93.19214266445704,713.0865667225876,38.52361812970928,163,58.0,0.312,0.501,0.497,moderate,Assam,Dima Hasao
25.47195013216434,93.18673231857882,606.6434621942019,44.9646428900473,281,24.7,0.226,0.704,0.424,moderate,Assam,Dima Hasao
25.41793744505463,93.16001751794042,683.3214350899372,39.70993670972251,101,37.6,0.323,0.44,0.622,high,Assam,Dima Hasao
25.451448603577855,93.17915552954337,696.6105767836677,37.31312219964535,168,39.9,-0.082,0.309,0.416,moderate,Assam,Dima Hasao
25.48033857593855,93.18374459827844,556.7122438856194,46.251498690221624,342,88.2,0.341,0.495,0.549,high,Assam,Dima Hasao
25.43493390192071,93.19199465663144,732.8722752347705,35.189686611207904,360,31.7,0.476,0.841,0.511,high,Assam,Dima Hasao
25.458869122120266,93.1566452758945,735.6768868386667,45.07579321326222,302,101.1,0.002,0.569,0.565,high,Assam,Dima Hasao
25.432737373150648,93.19902312032792,697.7782591486053,45.903979294535425,103,45.1,0.607,0.75,0.512,high,Assam,Dima Hasao
25.44150441063887,93.17183626169981,611.3960503826011,35.543783461054154,270,45.5,0.479,0.36,0.462,moderate,Assam,Dima Hasao
25.429283352104914,93.17091854037676,753.449263810108,40.769476969454644,248,53.2,0.559,0.249,0.459,moderate,Assam,Dima Hasao
25.43287651168893,93.18822201052457,716.1061820143906,35.606820980211616,193,52.3,0.343,0.815,0.465,moderate,Assam,Dima Hasao
25.477743974476546,93.21056771345324,684.1392224199434,36.30676075724128,323,89.9,0.43,0.802,0.695,high,Assam,Dima Hasao
25.447366805036417,93.18765549437529,731.7611575432265,34.30796131831187,292,12.0,0.374,0.652,0.302,moderate,Assam,Dima Hasao
25.44109736739622,93.19492175824027,733.5697155468611,39.52859654625141,233,38.9,0.46,0.7,0.488,moderate,Assam,Dima Hasao
25.4404024131273,93.18845106680307,735.7262856571664,43.8230214831797,330,46.7,0.463,0.548,0.354,moderate,Assam,Dima Hasao
25.469891931313054,93.17211922202068,692.1973392995956,43.471137231819434,244,26.9,0.361,0.394,0.341,moderate,Assam,Dima Hasao
25.482561074871718,93.1500490331711,672.7082488680605,49.07446613725818,136,29.8,0.572,0.29,0.541,high,Assam,Dima Hasao
25.423588356536158,93.20713558387571,731.2818625207219,42.50286282042094,258,62.2,0.364,0.336,0.453,moderate,Assam,Dima Hasao
25.424697493318824,93.20792358231826,677.6437139313647,40.07489175983315,25,90.6,0.607,0.732,0.718,high,Assam,Dima Hasao
25.408575875344937,93.20628535604253,646.6689991466255,41.87013749741328,69,77.9,0.459,0.836,0.406,moderate,Assam,Dima Hasao
25.47404664220748,93.16669006628406,759.1193453110151,34.236046667149225,143,39.3,0.695,0.727,0.478,moderate,Assam,Dima Hasao
25.45518007115656,93.16839685884909,650.2168548634403,33.6339545683311,123,62.9,0.402,0.191,0.496,moderate,Assam,Dima Hasao
25.40534309033447,93.16786014316226,680.7862339161534,40.44579081532008,33,130.6,0.656,0.871,0.749,high,Assam,Dima Hasao
25.45831053918983,93.17722979482372,558.9258900989282,34.89207718718167,312,76.0,0.451,0.336,0.488,moderate,Assam,Dima Hasao
25.44039739040711,93.16549346288363,605.5218273917341,44.65423917962347,22,64.6,0.551,0.699,0.245,low,Assam,Dima Hasao
25.47452731602964,93.18852520984933,684.0222509923643,42.22766596416634,36,49.2,0.292,0.659,0.268,moderate,Assam,Dima Hasao
25.40672613085538,93.18440163925305,715.0678695910067,34.61900379320091,258,64.7,0.213,0.544,0.448,moderate,Assam,Dima Hasao
25.45414943552945,93.20851722179184,697.8421883314904,35.19365498831614,211,26.8,0.342,0.494,0.261,moderate,Assam,Dima Hasao
25.460448261888434,93.19133926913598,762.0612343350624,38.7023171884486,211,17.4,0.292,0.652,0.29,moderate,Assam,Dima Hasao
25.499170740052417,93.15521630213556,692.7681527379915,45.12127343463779,275,56.7,0.345,0.38,0.371,moderate,Assam,Dima Hasao
25.449700664197206,93.1860896630696,641.6802870074018,46.15107054240209,312,106.1,0.56,0.541,0.571,high,Assam,Dima Hasao
25.45943466868919,93.22022766535696,691.9383378405736,36.430025488025,131,12.6,0.53,0.838,0.475,moderate,Assam,Dima Hasao
25.464271218397815,93.20000619229332,646.887971509233,43.23113425119384,279,-11.2,0.353,0.565,0.533,high,Assam,Dima Hasao
25.45615130952607,93.21121097269179,679.6365527753451,45.21925703796313,277,4.4,0.498,0.361,0.454,moderate,Assam,Dima Hasao
25.45625298369508,93.22464233566444,700.8738839310363,34.259113928903055,152,12.2,0.396,0.679,0.357,moderate,Assam,Dima Hasao
25.4295769738401,93.1872780211068,677.3226244810976,42.58093252807561,184,36.4,0.446,0.679,0.46,moderate,Assam,Dima Hasao
25.463893508041956,93.20172807726593,679.0880755474163,40.306655825208196,17,24.3,0.443,0.885,0.51,high,Assam,Dima Hasao
25.418998681966446,93.18128935475858,671.0045361171302,33.64922662345816,307,23.9,0.366,0.557,0.357,moderate,Assam,Dima Hasao
25.42684685138526,93.1855278598671,628.3481396507095,45.38906964070563,351,67.6,0.465,1.034,0.361,moderate,Assam,Dima Hasao
25.447238127693296,93.17393632123827,671.1135886559488,38.098641047285035,12,76.6,0.416,0.45,0.76,critical,Assam,Dima Hasao
25.463841503650528,93.17238117996789,750.5154812084496,38.233523657217845,0,15.3,0.516,0.664,0.364,moderate,Assam,Dima Hasao
25.459347062419212,93.13810151156186,600.1543306090567,50.9863620868565,5,84.8,0.261,0.683,0.688,high,Assam,Dima Hasao
25.458532510355106,93.1846170467163,697.5866882843706,48.77570400862314,93,67.1,0.531,0.679,0.304,moderate,Assam,Dima Hasao
25.431681794900832,93.16866337907715,715.215178144245,38.10891970562271,224,73.1,0.323,0.618,0.343,moderate,Assam,Dima Hasao
25.439044623545502,93.14300006742549,618.3864525147216,42.430345054490516,181,34.8,0.767,0.295,0.541,high,Assam,Dima Hasao
25.454055191055865,93.21310264096117,686.4011686298398,41.280653642137246,201,39.6,0.207,0.526,0.425,moderate,Assam,Dima Hasao
25.447587487093973,93.16673483004713,700.0613460378732,39.48906327762027,142,39.4,0.619,0.577,0.567,high,Assam,Dima Hasao
25.41904508765202,93.17873852736867,681.1819002610555,39.17931354533386,277,9.1,0.688,0.664,0.355,moderate,Assam,Dima Hasao
25.426601446273065,93.14605799559449,656.9970656265156,38.93056461105763,279,37.2,0.597,0.638,0.508,high,Assam,Dima Hasao
25.43972759341838,93.17539425552,667.6742004678574,42.464536824447976,30,17.9,0.596,0.556,0.535,high,Assam,Dima Hasao
25.47583729802941,93.18313570293842,782.4653492146449,37.157895756306715,280,21.0,0.495,0.573,0.417,moderate,Assam,Dima Hasao
25.479664780175764,93.18843455223328,682.9991459941984,46.70162994575874,136,85.2,0.468,0.515,0.44,moderate,Assam,Dima Hasao
25.46342142198887,93.2164476335025,652.955507687038,48.259463893699085,191,44.7,0.327,0.631,0.386,moderate,Assam,Dima Hasao
25.45213082195593,93.14133784319748,676.7924097586628,41.54885302614131,82,53.9,0.377,0.42,0.549,high,Assam,Dima Hasao
25.43884486183947,93.19054377965865,705.6318771767928,39.10913759214002,54,12.2,0.191,0.643,0.368,moderate,Assam,Dima Hasao
25.436232445059442,93.15784969077579,686.3889955088317,37.544531829825296,113,27.7,0.429,0.367,0.374,moderate,Assam,Dima Hasao
25.455588046127232,93.18113704162732,721.3576021137617,37.79323291186004,346,29.0,0.676,0.772,0.524,high,Assam,Dima Hasao
25.430579860391415,93.17289980530244,679.8274889801044,41.8377552951944,59,71.5,0.432,0.303,0.346,moderate,Assam,Dima Hasao
25.464607839440685,93.17284578619615,625.2726343104989,29.678201864480663,233,75.5,0.479,0.565,0.582,high,Assam,Dima Hasao
25.432967365275758,93.17527933402737,650.6023587537668,39.71481040006306,87,19.1,0.665,0.305,0.412,moderate,Assam,Dima Hasao
25.49741007945298,93.19423582398505,684.555639802677,48.4419674849232,91,16.5,0.289,0.469,0.411,moderate,Assam,Dima Hasao
25.442021555462063,93.17895841806038,625.8000937957531,42.3212765095272,12,68.3,0.102,0.641,0.506,high,Assam,Dima Hasao
25.462133941240293,93.14355613395794,692.7236953019678,49.251312987288955,3,44.7,0.327,0.612,0.405,moderate,Assam,Dima Hasao
25.45902375074617,93.14912959797063,702.2252462563137,45.09850474661743,268,63.4,0.545,0.616,0.501,high,Assam,Dima Hasao
25.439951879903777,93.15621003055364,601.2743925529514,44.48131859933424,257,58.1,0.222,0.753,0.338,moderate,Assam,Dima Hasao
25.444915634016873,93.13907073067772,629.3413436796507,38.655912530514875,240,15.8,0.472,0.456,0.529,high,Assam,Dima Hasao
25.441476057789043,93.1477866665916,696.1595361779426,29.95755256896502,245,72.8,0.6,0.417,0.644,high,Assam,Dima Hasao
25.431452208422613,93.17429537050535,735.7625100866456,38.89710704531385,297,-3.2,0.341,0.467,0.312,moderate,Assam,Dima Hasao
25.479597898405117,93.15292072924917,589.7629427307451,27.2896701364513,70,31.7,0.412,0.416,0.438,moderate,Assam,Dima Hasao
25.423782619956306,93.17126240180251,611.7942148177806,39.40079431826585,117,74.7,0.619,0.576,0.583,high,Assam,Dima Hasao
25.439373952852634,93.2381938437106,634.3774150724828,34.301907481903015,268,97.8,0.672,0.61,0.624,high,Assam,Dima Hasao
25.42214695433189,93.16530309947196,657.3864626773701,33.872914756236156,321,49.8,0.345,0.921,0.375,moderate,Assam,Dima Hasao
25.444654659647238,93.21120803270279,737.850567757796,48.8858875442428,66,48.5,0.322,0.273,0.266,moderate,Assam,Dima Hasao
25.460623766537477,93.16948389226887,677.0819940378996,39.575069832377274,66,42.7,0.228,0.596,0.368,moderate,Assam,Dima Hasao
25.448793453250268,93.18092533959238,697.1154245372778,40.831277777177455,304,18.8,0.397,0.666,0.322,moderate,Assam,Dima Hasao
25.457368899181088,93.17486198679859,654.1192454320311,40.3826283130272,36,56.8,0.679,0.414,0.572,high,Assam,Dima Hasao
25.434958362376175,93.14661029208416,699.4277210987967,40.73321262427271,152,32.4,0.201,0.615,0.38,moderate,Assam,Dima Hasao
25.44985685721771,93.15539294887964,744.1736547060316,46.9757916624919,134,20.4,0.542,0.607,0.382,moderate,Assam,Dima Hasao
25.435466397897084,93.16633678102605,692.0044745726051,42.67065325749374,103,51.0,0.789,0.433,0.535,high,Assam,Dima Hasao
25.415484206511927,93.20318437430491,731.0037694394388,39.98843673018229,201,79.0,0.341,0.601,0.508,high,Assam,Dima Hasao
25.43586972682646,93.13611192948021,731.732509895309,44.02064984291946,201,1.4,0.462,0.664,0.305,moderate,Assam,Dima Hasao
25.45350407281307,93.16345803514695,806.3063320955322,43.92158175825477,200,43.1,0.44,0.323,0.396,moderate,Assam,Dima Hasao
25.453285383932133,93.20050928056436,752.0737632109137,41.386932584490005,192,95.2,0.371,0.473,0.517,high,Assam,Dima Hasao
25.415323922104307,93.19530672963397,791.7757530931727,47.94267814448409,130,59.7,0.484,0.634,0.411,moderate,Assam,Dima Hasao
25.433834114932036,93.20426892765376,666.7630924194211,37.29217317211238,77,56.5,0.551,0.733,0.632,high,Assam,Dima Hasao
25.481604426022407,93.18796469128638,743.746249017148,38.890766891632644,351,79.0,0.507,0.238,0.557,high,Assam,Dima Hasao
25.451073184065656,93.19723415605827,689.0320545675313,39.10108966141501,307,13.6,0.234,0.627,0.326,moderate,Assam,Dima Hasao
25.464157188500366,93.14067530313663,656.1309633187047,28.416367845614403,144,23.5,0.337,0.585,0.521,high,Assam,Dima Hasao
25.4730373425799,93.18872215987896,686.1009532961882,44.83838529811163,103,126.7,0.268,0.605,0.673,high,Assam,Dima Hasao
25.444836615006523,93.16162316323117,651.1619072458545,35.872441883586035,14,57.6,0.388,0.528,0.442,moderate,Assam,Dima Hasao
25.443798953353955,93.13590454230194,643.5828255719034,39.458863148648064,169,16.5,0.57,0.435,0.524,high,Assam,Dima Hasao
